split,repetition,method,brier_score,ece
iid_test,0,raw,0.15478054634241262,0.03182128756962209
iid_test,0,platt,0.1545087052043978,0.03177850555380199
iid_test,0,isotonic,0.15580872631830067,0.0329585327928499
iid_test,0,oracle,0.1506433331006943,0.024589452858440285
iid_test,1,raw,0.15078435493504683,0.022170472916704598
iid_test,1,platt,0.1511068240700022,0.028569644071363982
iid_test,1,isotonic,0.15231467210630129,0.0318956671009777
iid_test,1,oracle,0.14598621327016842,0.023956650420264736
iid_test,2,raw,0.1616222165681365,0.033851219811321526
iid_test,2,platt,0.16058681567468014,0.022052780900259535
iid_test,2,isotonic,0.1618121774978233,0.022618734673457912
iid_test,2,oracle,0.15520353909562856,0.019366579661071418
iid_test,3,raw,0.1561639554762021,0.02310347300238917
iid_test,3,platt,0.1559362776699351,0.020089906610437983
iid_test,3,isotonic,0.15755936366492845,0.025037339941672097
iid_test,3,oracle,0.1477383721300949,0.023588849679367883
iid_test,4,raw,0.15210463195477636,0.018705265899095838
iid_test,4,platt,0.1522820850080641,0.026382884446934908
iid_test,4,isotonic,0.15397401979161995,0.024680862472661408
iid_test,4,oracle,0.14669854338689067,0.027065442840136233
iid_test,5,raw,0.1480605721141124,0.02390139629079412
iid_test,5,platt,0.14830159803553006,0.028008046886902498
iid_test,5,isotonic,0.14918056715103892,0.029556604209098874
iid_test,5,oracle,0.14331965496926075,0.028099771324721284
iid_test,6,raw,0.15815620094060667,0.02628476533516691
iid_test,6,platt,0.15767047584668112,0.0153621318038564
iid_test,6,isotonic,0.15811105341727796,0.015511548299545977
iid_test,6,oracle,0.15112570052301677,0.0233021522031876
iid_test,7,raw,0.16248545341759796,0.03264793623858771
iid_test,7,platt,0.1613759969847312,0.019385499583837236
iid_test,7,isotonic,0.16201745244286694,0.02273539221714225
iid_test,7,oracle,0.1532547586106837,0.0222355707070506
iid_test,8,raw,0.15282420792940812,0.03376247292419016
iid_test,8,platt,0.15209451741394367,0.030494886563993115
iid_test,8,isotonic,0.1533636199476687,0.03538673839528897
iid_test,8,oracle,0.14334036742296447,0.035400240033128534
iid_test,9,raw,0.15323199347207817,0.02799071718443316
iid_test,9,platt,0.15299851415061558,0.03004218853726861
iid_test,9,isotonic,0.15401471997006455,0.03881617629799776
iid_test,9,oracle,0.14596032638360854,0.030063663224364115
iid_test,10,raw,0.15482712421589825,0.03409800108188653
iid_test,10,platt,0.15439304015596642,0.030823376739490607
iid_test,10,isotonic,0.15543356588706023,0.03156381077684571
iid_test,10,oracle,0.15042235951073674,0.017111927511325408
iid_test,11,raw,0.15828836775569455,0.038195546628197186
iid_test,11,platt,0.157641338787053,0.03302010374960868
iid_test,11,isotonic,0.15891116503814776,0.02863549943222773
iid_test,11,oracle,0.15232914011856227,0.030035238271396984
iid_test,12,raw,0.15407087709677084,0.029866881361756626
iid_test,12,platt,0.15375562019210923,0.02577199468413454
iid_test,12,isotonic,0.15506153764783362,0.034003453444113554
iid_test,12,oracle,0.1455465676574424,0.03167657652634367
iid_test,13,raw,0.1551074383039519,0.019900402143580673
iid_test,13,platt,0.1552759449867831,0.027059224564380785
iid_test,13,isotonic,0.1554960748677201,0.01995024018336647
iid_test,13,oracle,0.14720008179471558,0.021537972143704186
iid_test,14,raw,0.15910624705108364,0.034362889555144424
iid_test,14,platt,0.15872021618104565,0.030722034331025903
iid_test,14,isotonic,0.15945871279226428,0.03200897179466206
iid_test,14,oracle,0.15165000094551181,0.018404364054499266
iid_test,15,raw,0.1572217979865249,0.031817910087726865
iid_test,15,platt,0.15654132102207954,0.027817378016476022
iid_test,15,isotonic,0.15772714269323673,0.027336386503163453
iid_test,15,oracle,0.14905650159231915,0.017522898326059574
iid_test,16,raw,0.1509387339926994,0.02562086235970645
iid_test,16,platt,0.15098036871066425,0.029447716486136925
iid_test,16,isotonic,0.15296123519171984,0.03415501911300569
iid_test,16,oracle,0.14740006188738178,0.03519938499767644
iid_test,17,raw,0.1507767695695809,0.028100715699496015
iid_test,17,platt,0.15064720628302042,0.02707131762095348
iid_test,17,isotonic,0.15175971287558096,0.024158581648684077
iid_test,17,oracle,0.14224951017046505,0.031163595885121378
iid_test,18,raw,0.1449647652224573,0.020300957617121484
iid_test,18,platt,0.14596358653299493,0.038910931570575916
iid_test,18,isotonic,0.14824649035673634,0.03664430474651163
iid_test,18,oracle,0.1390379730733661,0.02977921906152341
iid_test,19,raw,0.16009409531358232,0.031537548860007134
iid_test,19,platt,0.15934757586243506,0.026078868215494263
iid_test,19,isotonic,0.15935211516290398,0.023676429820322344
iid_test,19,oracle,0.15309369967458963,0.027925214195475764
iid_test,20,raw,0.15546567280086757,0.02288468784655189
iid_test,20,platt,0.15547929335401978,0.02518978364714732
iid_test,20,isotonic,0.1559997242302242,0.03295461015073159
iid_test,20,oracle,0.148768696998838,0.025285338426307664
iid_test,21,raw,0.15460477747818535,0.023396674094458378
iid_test,21,platt,0.15427514974489245,0.018908019982775644
iid_test,21,isotonic,0.15608793903862136,0.022149620231343724
iid_test,21,oracle,0.14837737389120265,0.01681940554290417
iid_test,22,raw,0.15377868205240627,0.023248203592022548
iid_test,22,platt,0.15372401724761153,0.025473096137911447
iid_test,22,isotonic,0.15454894506732259,0.03202881611731844
iid_test,22,oracle,0.14604299781293711,0.016364961961318626
iid_test,23,raw,0.15183337648409748,0.019999737751481887
iid_test,23,platt,0.15196538013696534,0.024035659247957593
iid_test,23,isotonic,0.15232582607260983,0.02548971722619044
iid_test,23,oracle,0.14346531409783028,0.019948222378154388
iid_test,24,raw,0.1615799171368102,0.02702680877887268
iid_test,24,platt,0.16094333267639407,0.020294969219317432
iid_test,24,isotonic,0.16226456317797897,0.028547586743664213
iid_test,24,oracle,0.15512339833888272,0.01799701246654538
iid_test,25,raw,0.16050469390988353,0.03394424254196315
iid_test,25,platt,0.1595044226421403,0.024557598101890194
iid_test,25,isotonic,0.16014817258372332,0.024604984013567935
iid_test,25,oracle,0.1499268789025078,0.024657603757457593
iid_test,26,raw,0.1492567562810858,0.02803645959145029
iid_test,26,platt,0.14942886115243662,0.029826110312443907
iid_test,26,isotonic,0.15072779184928903,0.02181932920496008
iid_test,26,oracle,0.14472124633707134,0.02239518358657099
iid_test,27,raw,0.15595766010976453,0.02076020884552184
iid_test,27,platt,0.15602072129455405,0.020019139036075165
iid_test,27,isotonic,0.15714146519544905,0.026201953640236662
iid_test,27,oracle,0.15182214361535853,0.028016337444476395
iid_test,28,raw,0.15996982916454552,0.03811175249788772
iid_test,28,platt,0.15904737417021914,0.02016536492347526
iid_test,28,isotonic,0.16006499294464827,0.034750852145448326
iid_test,28,oracle,0.152785778404092,0.02920451972821957
iid_test,29,raw,0.15519457024334288,0.017709945219854306
iid_test,29,platt,0.15506886155648428,0.014351244728904854
iid_test,29,isotonic,0.15706066186660142,0.021699756978608473
iid_test,29,oracle,0.14993037072279103,0.03157248191181954
iid_test,30,raw,0.1586861798088254,0.03659882266664596
iid_test,30,platt,0.15763264451945286,0.029515852508112707
iid_test,30,isotonic,0.15888329262755466,0.03582067663369346
iid_test,30,oracle,0.15482083038621178,0.03405028333343776
iid_test,31,raw,0.16204366748767443,0.03280481828727804
iid_test,31,platt,0.16133615890296024,0.021357652249631882
iid_test,31,isotonic,0.1617650090032177,0.021348226141197416
iid_test,31,oracle,0.15081092522775708,0.024155641745189547
iid_test,32,raw,0.15110583235284314,0.032288313176634116
iid_test,32,platt,0.15063739675207002,0.02868509997913664
iid_test,32,isotonic,0.15151709986651662,0.03315916463101077
iid_test,32,oracle,0.1423887391004539,0.022304479820495795
iid_test,33,raw,0.16640010535822194,0.04412031806979002
iid_test,33,platt,0.16474685654720758,0.02172560192080455
iid_test,33,isotonic,0.16581466783035134,0.0194339380688531
iid_test,33,oracle,0.15431135629359938,0.015178965453351642
iid_test,34,raw,0.15132441639692273,0.02983130691656989
iid_test,34,platt,0.15137543544690668,0.03031149319785131
iid_test,34,isotonic,0.1528576006589864,0.02879672312704771
iid_test,34,oracle,0.14535586374022638,0.03101013454192461
iid_test,35,raw,0.1532467376007752,0.02165397672076285
iid_test,35,platt,0.15318079245931104,0.024242849580373958
iid_test,35,isotonic,0.1546104658035715,0.022828690729632044
iid_test,35,oracle,0.1479353858515702,0.019261470337160067
iid_test,36,raw,0.1656970168384059,0.02827626581216596
iid_test,36,platt,0.16468343485435377,0.01477937418741712
iid_test,36,isotonic,0.1663688782171076,0.02581256085022873
iid_test,36,oracle,0.15664876484006623,0.022838414781858992
iid_test,37,raw,0.14705293055977625,0.02671150491049012
iid_test,37,platt,0.1474575050467539,0.03378627629007355
iid_test,37,isotonic,0.14883517939305455,0.03530319479774862
iid_test,37,oracle,0.1421180926076024,0.02996164260515036
iid_test,38,raw,0.15426373093249476,0.02925110694343479
iid_test,38,platt,0.15414288877435206,0.026738108600217962
iid_test,38,isotonic,0.15474864044752543,0.026854985761239774
iid_test,38,oracle,0.1459169055452777,0.021929949927532603
iid_test,39,raw,0.150748835973347,0.026029069959269024
iid_test,39,platt,0.1509907704776699,0.030386321538516777
iid_test,39,isotonic,0.1513924558241427,0.030769210117374476
iid_test,39,oracle,0.14454811500440853,0.027874783598173247
iid_test,40,raw,0.1574415195514812,0.03817820695839531
iid_test,40,platt,0.156634020480248,0.029711446023348045
iid_test,40,isotonic,0.1573567631171116,0.032473155658948566
iid_test,40,oracle,0.15095662855393,0.02543008299048475
iid_test,41,raw,0.15345945169523326,0.022722788536024188
iid_test,41,platt,0.15369535622940067,0.03061674778646877
iid_test,41,isotonic,0.15468502674751936,0.033682205352754645
iid_test,41,oracle,0.14847245700353498,0.01754524190001858
iid_test,42,raw,0.16324334416615688,0.046073373976445994
iid_test,42,platt,0.1616075746645412,0.03209023115032033
iid_test,42,isotonic,0.16188203002910875,0.027782029709024207
iid_test,42,oracle,0.15579473508839445,0.028707169084406375
iid_test,43,raw,0.16155176928214734,0.040805701360263395
iid_test,43,platt,0.16063090790881365,0.02424087508338319
iid_test,43,isotonic,0.16080361014249134,0.027314660842238183
iid_test,43,oracle,0.15247325424095293,0.024116759467879816
iid_test,44,raw,0.15211484483024784,0.022149994681950374
iid_test,44,platt,0.15226601044373614,0.023958345453144035
iid_test,44,isotonic,0.1529138188372212,0.025470017652767657
iid_test,44,oracle,0.14508622279534297,0.02550799112876976
iid_test,45,raw,0.1517188071125536,0.015782144736763985
iid_test,45,platt,0.1519133052784482,0.024633009585694077
iid_test,45,isotonic,0.15312081971921682,0.02228754390848321
iid_test,45,oracle,0.14550575049481734,0.029795800554968607
iid_test,46,raw,0.15436703752135908,0.029681725734196442
iid_test,46,platt,0.15404019836139998,0.027170696231962613
iid_test,46,isotonic,0.15560264888851413,0.02919071652920146
iid_test,46,oracle,0.14676760420278442,0.019707028151031245
iid_test,47,raw,0.15445985025998138,0.027766730816435894
iid_test,47,platt,0.1541857888698059,0.028970200449471246
iid_test,47,isotonic,0.15455466423876005,0.03087275651047634
iid_test,47,oracle,0.14808560422564002,0.030011402181215306
iid_test,48,raw,0.1526354414148356,0.02471853094822905
iid_test,48,platt,0.15251732015219438,0.028786184197670314
iid_test,48,isotonic,0.1536019255936549,0.03390625313674366
iid_test,48,oracle,0.1458055894767688,0.029818087896002377
iid_test,49,raw,0.1553738394961519,0.02674126933154737
iid_test,49,platt,0.15510362301080732,0.025593743081531704
iid_test,49,isotonic,0.15648855099729872,0.022184343086816563
iid_test,49,oracle,0.15006440616584177,0.02042037590013481
iid_test,50,raw,0.15236218722290173,0.021226839739430594
iid_test,50,platt,0.15251127780534246,0.024454372753923516
iid_test,50,isotonic,0.15358602869993093,0.026706616222694688
iid_test,50,oracle,0.14537479750321797,0.02543346128172723
iid_test,51,raw,0.15144092274191626,0.022482712338523374
iid_test,51,platt,0.15145840723696635,0.023956928776987175
iid_test,51,isotonic,0.153095635656091,0.02379983280315293
iid_test,51,oracle,0.14397058238833982,0.03598264139401033
iid_test,52,raw,0.15123170584060752,0.031019078672976652
iid_test,52,platt,0.151148092964494,0.02623373927580596
iid_test,52,isotonic,0.15211088543167586,0.031379541312413564
iid_test,52,oracle,0.14590691317779472,0.02881055274603885
iid_test,53,raw,0.15508726770395329,0.025934141357405082
iid_test,53,platt,0.1552432230556949,0.02628599490106989
iid_test,53,isotonic,0.1565214500116829,0.022363039412151803
iid_test,53,oracle,0.14788244734613856,0.022994965697292525
iid_test,54,raw,0.1545368812483997,0.03228702464180172
iid_test,54,platt,0.15440413664653427,0.03150978399862002
iid_test,54,isotonic,0.1555160183262564,0.031510670052887976
iid_test,54,oracle,0.14941281017250113,0.024363106010557762
iid_test,55,raw,0.15233799018495112,0.017576828271317
iid_test,55,platt,0.1527507171422538,0.025041248367298995
iid_test,55,isotonic,0.15418691199958798,0.02668096216601263
iid_test,55,oracle,0.14651185923234422,0.02521757832365342
iid_test,56,raw,0.15825493588040934,0.0326631454641449
iid_test,56,platt,0.1575213353496636,0.019957715396472633
iid_test,56,isotonic,0.15749942075081652,0.025683729749477854
iid_test,56,oracle,0.14996571533031874,0.02251804793335549
iid_test,57,raw,0.15987343565271983,0.026553319058794808
iid_test,57,platt,0.15935338874545796,0.02419527360631587
iid_test,57,isotonic,0.16007219839738088,0.026576951613867316
iid_test,57,oracle,0.1543050109002092,0.013149504396845075
iid_test,58,raw,0.1583520446985755,0.029286534052679666
iid_test,58,platt,0.15761366263460544,0.023211119236174905
iid_test,58,isotonic,0.1587995318635063,0.02549928027569459
iid_test,58,oracle,0.15219663939348965,0.01647210802843893
iid_test,59,raw,0.15760598374291002,0.033561590119154446
iid_test,59,platt,0.15728104288845926,0.03286464740262683
iid_test,59,isotonic,0.15792658466896467,0.03105894101957462
iid_test,59,oracle,0.15154630613479214,0.02075708002107794
iid_test,60,raw,0.15446773589617924,0.026591219035697947
iid_test,60,platt,0.15429991082382413,0.023333015485655268
iid_test,60,isotonic,0.15669304698177863,0.031965284301240064
iid_test,60,oracle,0.14812204099003984,0.029770608125857644
iid_test,61,raw,0.14839757607566734,0.03178163404155895
iid_test,61,platt,0.14893539413794868,0.037423965981149186
iid_test,61,isotonic,0.1506473634806113,0.043750752416759346
iid_test,61,oracle,0.14490090631689304,0.030107706576978255
iid_test,62,raw,0.14713167848880432,0.024330408114127282
iid_test,62,platt,0.1475198295261361,0.028349300950252513
iid_test,62,isotonic,0.1480506508699572,0.03303737808991155
iid_test,62,oracle,0.14281521507094702,0.021082530913571675
iid_test,63,raw,0.15548846759008816,0.028515252694831735
iid_test,63,platt,0.1550049957094236,0.018850111888404943
iid_test,63,isotonic,0.15424283928687918,0.024024320941280326
iid_test,63,oracle,0.1503153417438524,0.01965046353953841
iid_test,64,raw,0.15462814196845165,0.019266031708352033
iid_test,64,platt,0.15483825483927946,0.022572770301546367
iid_test,64,isotonic,0.15602185782534092,0.025050509256119066
iid_test,64,oracle,0.14704762723821665,0.03192486417791277
iid_test,65,raw,0.14718126323120537,0.016363290581790445
iid_test,65,platt,0.14790582909014605,0.03043990990634516
iid_test,65,isotonic,0.14835858840528812,0.037507855330750836
iid_test,65,oracle,0.1423936285575244,0.020757620889589306
iid_test,66,raw,0.15521066796663613,0.02507827998135907
iid_test,66,platt,0.1546365173853249,0.025217148339216996
iid_test,66,isotonic,0.1564137234844867,0.03175598159672363
iid_test,66,oracle,0.14856353845884857,0.025180759444098637
iid_test,67,raw,0.1519386886261923,0.023814336730766533
iid_test,67,platt,0.15251485174203025,0.02964953578166599
iid_test,67,isotonic,0.1529914877056672,0.032771393289502376
iid_test,67,oracle,0.14481422363675944,0.028123963171874888
iid_test,68,raw,0.15885025186002302,0.03013381823201389
iid_test,68,platt,0.15834093013417247,0.0269926836767678
iid_test,68,isotonic,0.1591860885143875,0.021584776209520342
iid_test,68,oracle,0.15266236249630913,0.024777668054826143
iid_test,69,raw,0.15835765845475336,0.03339068932459682
iid_test,69,platt,0.15787564005096355,0.025288883863899974
iid_test,69,isotonic,0.15883118249966527,0.03219474371885902
iid_test,69,oracle,0.15340425159209523,0.01844680280764806
iid_test,70,raw,0.15064724402151936,0.03797429768676731
iid_test,70,platt,0.15029634793402957,0.03358338298992916
iid_test,70,isotonic,0.15059223982315337,0.0323143671093512
iid_test,70,oracle,0.145719707198543,0.028141332759970838
iid_test,71,raw,0.15338045570850456,0.03171448091001535
iid_test,71,platt,0.15346671096528294,0.034555845647696606
iid_test,71,isotonic,0.15385466941809742,0.034386782213609454
iid_test,71,oracle,0.14491492617127869,0.028187714380623115
iid_test,72,raw,0.15314642093769668,0.03489340175148447
iid_test,72,platt,0.1528304656404717,0.03213583299056288
iid_test,72,isotonic,0.15309113398403665,0.02837587318470298
iid_test,72,oracle,0.14581896039628078,0.02671693134173754
iid_test,73,raw,0.15822758144296606,0.03227357230921155
iid_test,73,platt,0.1574188616567384,0.02257600531468163
iid_test,73,isotonic,0.15893231004428332,0.028725586130824283
iid_test,73,oracle,0.15062906378952887,0.020947159611021598
iid_test,74,raw,0.1636110534302419,0.03673159714329296
iid_test,74,platt,0.16204191758113815,0.020402220699784982
iid_test,74,isotonic,0.16383656786569634,0.02919171341769126
iid_test,74,oracle,0.15708859501677375,0.02962266301674546
iid_test,75,raw,0.15740629595781575,0.0297110550476906
iid_test,75,platt,0.1572468040479019,0.034880866844375906
iid_test,75,isotonic,0.15732540285319552,0.03458642630703897
iid_test,75,oracle,0.14827932104720917,0.0200036503203769
iid_test,76,raw,0.16108211786093476,0.0342329492038903
iid_test,76,platt,0.1602023316637687,0.024813894217635857
iid_test,76,isotonic,0.16080922810047682,0.035558590318771864
iid_test,76,oracle,0.15008599244269988,0.020241893202931186
iid_test,77,raw,0.15603162293134984,0.02864982347267131
iid_test,77,platt,0.1555287668488841,0.025750720044982033
iid_test,77,isotonic,0.1553800456214269,0.017241166748258745
iid_test,77,oracle,0.1456972104868839,0.021619439527365666
iid_test,78,raw,0.1599635450842252,0.0412453969666799
iid_test,78,platt,0.15913682556027128,0.029364706238556342
iid_test,78,isotonic,0.15961783686463513,0.029358523183941363
iid_test,78,oracle,0.15465219874836458,0.02246074253552914
iid_test,79,raw,0.15310597280240992,0.025961296875710763
iid_test,79,platt,0.1530815451216263,0.023965052098890303
iid_test,79,isotonic,0.15403399388203948,0.02790099654292487
iid_test,79,oracle,0.14551980927418776,0.02584894179325002
iid_test,80,raw,0.15536219048811603,0.02835054166163362
iid_test,80,platt,0.15510179270965935,0.020842541521587037
iid_test,80,isotonic,0.15677886862146456,0.022317865732887705
iid_test,80,oracle,0.14644623569398144,0.024754763660962652
iid_test,81,raw,0.154870691025796,0.03098799019008282
iid_test,81,platt,0.15406216555717722,0.021917773318660135
iid_test,81,isotonic,0.1553761977450856,0.02897366728618373
iid_test,81,oracle,0.1485319557771326,0.025749520160680998
iid_test,82,raw,0.15383376873974844,0.02126481690867429
iid_test,82,platt,0.1538243636851084,0.025549095751403867
iid_test,82,isotonic,0.15590547361995657,0.0335657706475737
iid_test,82,oracle,0.14688265855405427,0.026254267615067484
iid_test,83,raw,0.15595376018743573,0.03291970560359358
iid_test,83,platt,0.15549384170023922,0.024911934288722643
iid_test,83,isotonic,0.15698960350932936,0.02725823615009711
iid_test,83,oracle,0.14718029848075856,0.01549548405630586
iid_test,84,raw,0.1575498442089801,0.029733785317807085
iid_test,84,platt,0.15688432201059185,0.021711495610529187
iid_test,84,isotonic,0.15899197778015045,0.037465862244683935
iid_test,84,oracle,0.1499543128713414,0.024005583240994867
iid_test,85,raw,0.16005611793213972,0.027747111762695113
iid_test,85,platt,0.15933962359318057,0.01951334452976404
iid_test,85,isotonic,0.16012241114425024,0.015956322515532074
iid_test,85,oracle,0.1527590300943484,0.016999727503747324
iid_test,86,raw,0.15344993645891306,0.029265997266273266
iid_test,86,platt,0.1530121975340411,0.026452584313461525
iid_test,86,isotonic,0.1532252729999226,0.034126631202929185
iid_test,86,oracle,0.14548774291839217,0.022847595351522608
iid_test,87,raw,0.15324471794889227,0.019790462172281465
iid_test,87,platt,0.1532713666015842,0.024063475831207923
iid_test,87,isotonic,0.1546615643456696,0.030326338622421276
iid_test,87,oracle,0.14489363060765825,0.027266852713100198
iid_test,88,raw,0.15129754929554096,0.026134697705381342
iid_test,88,platt,0.15144190063873586,0.03047851471692855
iid_test,88,isotonic,0.15183319687203334,0.03433297172921255
iid_test,88,oracle,0.1461219737494398,0.020488851710385444
iid_test,89,raw,0.15657949939219745,0.025650515416241682
iid_test,89,platt,0.1561937556955692,0.02245456425988525
iid_test,89,isotonic,0.15684279659742295,0.026836686253581828
iid_test,89,oracle,0.15033169548999847,0.012434616011589671
iid_test,90,raw,0.15153584613685733,0.019839779888311884
iid_test,90,platt,0.15160090598827822,0.025390930191304308
iid_test,90,isotonic,0.15186506049431953,0.024753698288015557
iid_test,90,oracle,0.14666195065675575,0.027341567677302867
iid_test,91,raw,0.1490740905846528,0.02786271383737445
iid_test,91,platt,0.14902877616404114,0.033623782066868516
iid_test,91,isotonic,0.1499224138200441,0.03481093150899332
iid_test,91,oracle,0.14150551985207407,0.031117555043846896
iid_test,92,raw,0.16744407460172656,0.04092623699493314
iid_test,92,platt,0.16606198266252659,0.026450313716437038
iid_test,92,isotonic,0.1664946381778354,0.017336462431980396
iid_test,92,oracle,0.15864904553297446,0.02380276141743687
iid_test,93,raw,0.16019290686973656,0.04215339595871613
iid_test,93,platt,0.1600980823126474,0.04349671540250445
iid_test,93,isotonic,0.15912260990810356,0.03580870217285842
iid_test,93,oracle,0.1519159637572594,0.02837621638220101
iid_test,94,raw,0.1480048781154978,0.02399252601110763
iid_test,94,platt,0.14848614886891398,0.034582607198486576
iid_test,94,isotonic,0.14950782055934259,0.03883440510779471
iid_test,94,oracle,0.1421250102905884,0.029696818991041544
iid_test,95,raw,0.1542848200763183,0.032701937405681475
iid_test,95,platt,0.1541706382676958,0.0325208671495914
iid_test,95,isotonic,0.15538583439895534,0.027456080496516405
iid_test,95,oracle,0.14890293745701108,0.024168272480332487
iid_test,96,raw,0.16105809275280758,0.03868551264912417
iid_test,96,platt,0.16023056188435658,0.02192650303280666
iid_test,96,isotonic,0.1605383252616446,0.022898906132209348
iid_test,96,oracle,0.1534381766529598,0.014846628842987436
iid_test,97,raw,0.1567884166651294,0.021969002372248924
iid_test,97,platt,0.15669873015383692,0.027574173336483133
iid_test,97,isotonic,0.15826232962801715,0.029203184556685212
iid_test,97,oracle,0.15163754712706085,0.013817715909761124
iid_test,98,raw,0.15375576471073843,0.020612915522172655
iid_test,98,platt,0.15373035914854144,0.02812419023800896
iid_test,98,isotonic,0.15475842991560587,0.024265450443120368
iid_test,98,oracle,0.1454465441113404,0.02553720194738357
iid_test,99,raw,0.1475376770641216,0.019591406753292944
iid_test,99,platt,0.14824402745928272,0.03454609348619031
iid_test,99,isotonic,0.14854534302352437,0.036857550749465236
iid_test,99,oracle,0.14196937575306878,0.025572107816116612
iid_test,100,raw,0.1517559239142563,0.03713553886703447
iid_test,100,platt,0.15115921333453589,0.027855460169784328
iid_test,100,isotonic,0.15307767461383798,0.030499935302191
iid_test,100,oracle,0.1456134363423425,0.035178522438074865
iid_test,101,raw,0.15814983683174888,0.023738930664411444
iid_test,101,platt,0.1576137470527789,0.01801923068907163
iid_test,101,isotonic,0.1591617704559378,0.024658379010597354
iid_test,101,oracle,0.14901364637230005,0.023760524571350222
iid_test,102,raw,0.1539095631491354,0.025969963885896518
iid_test,102,platt,0.15365748317611008,0.022110707597415485
iid_test,102,isotonic,0.15421683988792687,0.019644193608838182
iid_test,102,oracle,0.1435371325703756,0.022752925185368467
iid_test,103,raw,0.15310459566545664,0.03527903449654472
iid_test,103,platt,0.15256982416903328,0.027275051203086407
iid_test,103,isotonic,0.15407708497557213,0.028112772593505517
iid_test,103,oracle,0.14566554693547987,0.032794843186238445
iid_test,104,raw,0.16098703452769306,0.03536060090840806
iid_test,104,platt,0.16039393396534926,0.029807997613025605
iid_test,104,isotonic,0.16138601099068142,0.01763932832555124
iid_test,104,oracle,0.1519735089369447,0.019529532462261894
iid_test,105,raw,0.1620100437077305,0.03848342297431169
iid_test,105,platt,0.16099249506374763,0.019914400214546005
iid_test,105,isotonic,0.1616902485438835,0.022436347876232835
iid_test,105,oracle,0.15522655858852544,0.027234834130763427
iid_test,106,raw,0.15501199957101425,0.03200644804074622
iid_test,106,platt,0.1547863265869957,0.02990199052693408
iid_test,106,isotonic,0.15587003576106648,0.02367845169166504
iid_test,106,oracle,0.14688132917637492,0.02873002512039172
iid_test,107,raw,0.15230742431561592,0.019699237223142558
iid_test,107,platt,0.15248465849878792,0.028876151890416007
iid_test,107,isotonic,0.1530048222696815,0.025401249217906208
iid_test,107,oracle,0.14638435856213416,0.015347076330625176
iid_test,108,raw,0.15821694802136602,0.029588387405500634
iid_test,108,platt,0.15801702755351724,0.027150059926913623
iid_test,108,isotonic,0.15943836021972074,0.02611622377117338
iid_test,108,oracle,0.14917641921818653,0.020253050388258347
iid_test,109,raw,0.15769922539291995,0.03225649832474781
iid_test,109,platt,0.1572116889305155,0.03327510085664075
iid_test,109,isotonic,0.15781541934007418,0.03623460649893397
iid_test,109,oracle,0.15068755903302822,0.02831022584209373
iid_test,110,raw,0.14853050607456988,0.015178993379160809
iid_test,110,platt,0.14903308091445483,0.024063331632851206
iid_test,110,isotonic,0.15032011235471232,0.03017321158922775
iid_test,110,oracle,0.1448815658099743,0.02329136406514943
iid_test,111,raw,0.1575080736916793,0.034148551634608434
iid_test,111,platt,0.1569226179219773,0.023682087413237574
iid_test,111,isotonic,0.15838284868425434,0.027594284551063972
iid_test,111,oracle,0.14869739834988746,0.023298771049411294
iid_test,112,raw,0.1569205801113352,0.030744208250512186
iid_test,112,platt,0.1566368031400511,0.03494429518889875
iid_test,112,isotonic,0.15738528414603192,0.036392453389199435
iid_test,112,oracle,0.15213844337060295,0.014546428913583886
iid_test,113,raw,0.16440740733641257,0.041030175697690734
iid_test,113,platt,0.16317128172697506,0.023976978182792357
iid_test,113,isotonic,0.16406419715946186,0.02177492992065125
iid_test,113,oracle,0.1565936029554205,0.017110138706382904
iid_test,114,raw,0.15427054615475946,0.03153256373613144
iid_test,114,platt,0.15369034775552964,0.026729313136985334
iid_test,114,isotonic,0.15523728489110541,0.027793398136203976
iid_test,114,oracle,0.14666710166253819,0.027376884177606784
iid_test,115,raw,0.15771827674787475,0.031419558764882505
iid_test,115,platt,0.15703463603718923,0.02607734224186698
iid_test,115,isotonic,0.15814223482985446,0.027744364080319567
iid_test,115,oracle,0.15244141847551104,0.021657574094641772
iid_test,116,raw,0.15206027614098744,0.023035500958493212
iid_test,116,platt,0.15217027668608163,0.02805889262300126
iid_test,116,isotonic,0.15397713191500528,0.03870336774009868
iid_test,116,oracle,0.14410496116375215,0.02326551586339848
iid_test,117,raw,0.15701676974066622,0.02241390724541967
iid_test,117,platt,0.15692017735361105,0.022250168236993887
iid_test,117,isotonic,0.15816569740344275,0.020510532505824353
iid_test,117,oracle,0.1486596204067904,0.01866870993643008
iid_test,118,raw,0.15457635341091142,0.03924062656920297
iid_test,118,platt,0.1539344094365714,0.033091714335135164
iid_test,118,isotonic,0.1551338903519545,0.033910550811214336
iid_test,118,oracle,0.148095868339483,0.03636611307987518
iid_test,119,raw,0.15954777868529518,0.030064203037871967
iid_test,119,platt,0.15900716608131243,0.023183036716570182
iid_test,119,isotonic,0.1602205835852315,0.014374512575955479
iid_test,119,oracle,0.15196947048347975,0.024694893100571703
iid_test,120,raw,0.15030077740802245,0.018263433920535897
iid_test,120,platt,0.15060112055801103,0.023662316451625653
iid_test,120,isotonic,0.15181750223384066,0.02741216363913724
iid_test,120,oracle,0.14364770691006393,0.023487729493719887
iid_test,121,raw,0.15754717484450623,0.029906130986378548
iid_test,121,platt,0.15677612067195115,0.022426967751275267
iid_test,121,isotonic,0.15789171829364787,0.023947360682769637
iid_test,121,oracle,0.15284231301714632,0.023840110448216233
iid_test,122,raw,0.15537355831526337,0.030009859858352812
iid_test,122,platt,0.15467596349458748,0.021525818879174333
iid_test,122,isotonic,0.15600958757425232,0.02867280361774543
iid_test,122,oracle,0.14653871241622243,0.02219056964107148
iid_test,123,raw,0.15517786514294615,0.028686719105379014
iid_test,123,platt,0.15496087993727875,0.021732386361034323
iid_test,123,isotonic,0.15683873481887942,0.023224552391032324
iid_test,123,oracle,0.14740536379150074,0.018608321913697327
iid_test,124,raw,0.15665997365882045,0.026787600203123423
iid_test,124,platt,0.15630931904356107,0.02051384038995848
iid_test,124,isotonic,0.15703747772828652,0.02843081212507046
iid_test,124,oracle,0.15132647802066643,0.018233544841616614
iid_test,125,raw,0.1585393569473103,0.026106728979886955
iid_test,125,platt,0.15797183498114925,0.02020701962555971
iid_test,125,isotonic,0.159581708829522,0.0308578222839914
iid_test,125,oracle,0.14991566900534134,0.02146465127904945
iid_test,126,raw,0.14904983896327664,0.023898791825505854
iid_test,126,platt,0.14897081041026197,0.02705574528191843
iid_test,126,isotonic,0.15064379144406875,0.029884527560092664
iid_test,126,oracle,0.14282020367629353,0.02420865108157664
iid_test,127,raw,0.15854194519369222,0.02910841385312221
iid_test,127,platt,0.15806155374806255,0.02302704385762171
iid_test,127,isotonic,0.158813110129275,0.022006259377195657
iid_test,127,oracle,0.15024839825084613,0.018099640960251618
iid_test,128,raw,0.15584838312351304,0.0230584495864009
iid_test,128,platt,0.15563052054082963,0.021033388499431843
iid_test,128,isotonic,0.15808198166614987,0.027612843137260392
iid_test,128,oracle,0.14825541255831076,0.019929516973450294
iid_test,129,raw,0.15491117571553814,0.029978666176543167
iid_test,129,platt,0.15433290093745405,0.023445625197420127
iid_test,129,isotonic,0.15567994863954931,0.028643676039058395
iid_test,129,oracle,0.1463269279845198,0.02826768442210339
iid_test,130,raw,0.16201920185347027,0.0249105717155743
iid_test,130,platt,0.16140763764109192,0.020704708471758516
iid_test,130,isotonic,0.16266416383861418,0.0243619541685924
iid_test,130,oracle,0.15121949348391983,0.018333930830754765
iid_test,131,raw,0.1590424566464402,0.029641433259166683
iid_test,131,platt,0.15860731297169658,0.023462581862437774
iid_test,131,isotonic,0.15960642764669405,0.033223252263944486
iid_test,131,oracle,0.1510499256856022,0.02261013645072602
iid_test,132,raw,0.1535518483593172,0.031001437811883966
iid_test,132,platt,0.15348010879864069,0.025582117561865025
iid_test,132,isotonic,0.15423255000307926,0.04072913833514287
iid_test,132,oracle,0.14695577485738484,0.02389249553750266
iid_test,133,raw,0.15958391215576365,0.028501114606847573
iid_test,133,platt,0.15902040557485517,0.018207162462243357
iid_test,133,isotonic,0.16010284058226662,0.022661432791361166
iid_test,133,oracle,0.1497262492440603,0.019987039506189665
iid_test,134,raw,0.1514059633754994,0.024781413950555966
iid_test,134,platt,0.1517595957726888,0.02960273162561537
iid_test,134,isotonic,0.15349579039700229,0.03384465693096315
iid_test,134,oracle,0.1484934950401595,0.026710148472858984
iid_test,135,raw,0.1599013054797829,0.029617831473922464
iid_test,135,platt,0.15904113990313073,0.012483200765017613
iid_test,135,isotonic,0.160815696952655,0.019190937843461365
iid_test,135,oracle,0.15140169562997718,0.02241187227133396
iid_test,136,raw,0.15376600135044277,0.034790021562132914
iid_test,136,platt,0.1536667414790484,0.03681508784433807
iid_test,136,isotonic,0.15453809309394212,0.03494519940766964
iid_test,136,oracle,0.14777784835847296,0.015565231337161834
iid_test,137,raw,0.1551818764736031,0.024706267675923793
iid_test,137,platt,0.15491559462183502,0.0192801364129354
iid_test,137,isotonic,0.15623686427239541,0.019533433801424024
iid_test,137,oracle,0.14850246979581147,0.021942455785899775
iid_test,138,raw,0.15734045835988134,0.03078688295156492
iid_test,138,platt,0.1568422215032577,0.027409883256644976
iid_test,138,isotonic,0.15746973385518037,0.02713902721487825
iid_test,138,oracle,0.14909360331528296,0.025656141032438327
iid_test,139,raw,0.15869874034553308,0.031273204556971274
iid_test,139,platt,0.1580629281026972,0.03121656628451755
iid_test,139,isotonic,0.15869527399663644,0.028227087348043862
iid_test,139,oracle,0.14958071744969656,0.0251782521753648
iid_test,140,raw,0.15031533389799753,0.03046403947202179
iid_test,140,platt,0.15033504113058366,0.0304102636787385
iid_test,140,isotonic,0.1519245977365561,0.0348593145265077
iid_test,140,oracle,0.14567350309439628,0.026059637567446007
iid_test,141,raw,0.15269095384513004,0.03142267845622499
iid_test,141,platt,0.15295672914524167,0.03820035284465643
iid_test,141,isotonic,0.15453300188243044,0.03240000944046305
iid_test,141,oracle,0.1463531372991126,0.028259571102621072
iid_test,142,raw,0.15765481149269048,0.025646299991945908
iid_test,142,platt,0.1573059776420955,0.026535235812486638
iid_test,142,isotonic,0.15752038004396107,0.0236745290676398
iid_test,142,oracle,0.14997510400243297,0.016519079468610278
iid_test,143,raw,0.15614163571649076,0.03189170553252471
iid_test,143,platt,0.1558980076198786,0.027169433988455984
iid_test,143,isotonic,0.1554808519216233,0.02904435344030403
iid_test,143,oracle,0.1485930394766858,0.01973891415682953
iid_test,144,raw,0.16069343104795522,0.04301741222943624
iid_test,144,platt,0.1597151792403457,0.03203615715270531
iid_test,144,isotonic,0.1593758344420793,0.01738362883881593
iid_test,144,oracle,0.15426841147567671,0.02348725020146909
iid_test,145,raw,0.1536758336165413,0.01656028170837608
iid_test,145,platt,0.15350711642934306,0.019827938290167074
iid_test,145,isotonic,0.15497421583593976,0.025229024955020128
iid_test,145,oracle,0.14668748832519288,0.021239485730977472
iid_test,146,raw,0.16078201839658243,0.035230125015907526
iid_test,146,platt,0.15982130620417842,0.020056550950209497
iid_test,146,isotonic,0.1609549524200766,0.02528843989246396
iid_test,146,oracle,0.15397746141206786,0.028611923413927345
iid_test,147,raw,0.15926388017455445,0.0309608635221933
iid_test,147,platt,0.15858339958195883,0.01745605464364736
iid_test,147,isotonic,0.15999812240475414,0.024158788320312402
iid_test,147,oracle,0.15256361272984525,0.017303536769819505
iid_test,148,raw,0.15656464386838162,0.030538053913257774
iid_test,148,platt,0.1557808738261515,0.025898375222566085
iid_test,148,isotonic,0.15824903625073683,0.02964491118108603
iid_test,148,oracle,0.15035269360426728,0.02552761817228577
iid_test,149,raw,0.15035449579608615,0.024922093329728744
iid_test,149,platt,0.15111119898651484,0.030793670308806403
iid_test,149,isotonic,0.1521654094438983,0.02925375094683282
iid_test,149,oracle,0.144952724632951,0.02169964533679331
iid_test,150,raw,0.1548565704659401,0.028536488220851326
iid_test,150,platt,0.1543390483986821,0.021087614430051457
iid_test,150,isotonic,0.15569607023610582,0.01806313089810522
iid_test,150,oracle,0.146264383352755,0.02759516890142083
iid_test,151,raw,0.15395858044171493,0.02921629368688162
iid_test,151,platt,0.15354517901847203,0.028612697063448024
iid_test,151,isotonic,0.1545351586338186,0.030677140998891326
iid_test,151,oracle,0.1473943119173074,0.014788867933110832
iid_test,152,raw,0.14984781341394637,0.021520222436351356
iid_test,152,platt,0.15032984955527717,0.03108067522874799
iid_test,152,isotonic,0.1505609758711081,0.030243521916836366
iid_test,152,oracle,0.1415484611535063,0.030824030440605592
iid_test,153,raw,0.1589485065653099,0.032069854141858783
iid_test,153,platt,0.15846407360735643,0.02546560146979958
iid_test,153,isotonic,0.16035280014242093,0.0363975263024248
iid_test,153,oracle,0.15305364177961964,0.024397254244913593
iid_test,154,raw,0.1554552773295666,0.030338616465818605
iid_test,154,platt,0.15499499610300138,0.026856701996724904
iid_test,154,isotonic,0.15682319589218663,0.032158877668804715
iid_test,154,oracle,0.14932632096608922,0.0265348050070128
iid_test,155,raw,0.1572300732301075,0.02461646937576811
iid_test,155,platt,0.1570536016197959,0.02371146844709642
iid_test,155,isotonic,0.15851350147142507,0.03280548214448434
iid_test,155,oracle,0.15001394030938991,0.018666521042907884
iid_test,156,raw,0.1502216829297127,0.025927492687052564
iid_test,156,platt,0.15019550468902343,0.029360643733315935
iid_test,156,isotonic,0.15167736918125693,0.022769583451905172
iid_test,156,oracle,0.14222381922746236,0.018436233650771173
iid_test,157,raw,0.15011077565383865,0.026809006021253676
iid_test,157,platt,0.1498188707882175,0.025068667039747534
iid_test,157,isotonic,0.1518856483746548,0.03185202214580207
iid_test,157,oracle,0.14611855518817388,0.03084910307659513
iid_test,158,raw,0.1504443148156256,0.018782001484786263
iid_test,158,platt,0.15096373335929258,0.02736035673454108
iid_test,158,isotonic,0.15163330941265216,0.026474670253346096
iid_test,158,oracle,0.14236723973088933,0.02590658065846699
iid_test,159,raw,0.15894742374706422,0.027949328420850187
iid_test,159,platt,0.15828497829080185,0.018501966931138127
iid_test,159,isotonic,0.16029855991219588,0.029562506733414637
iid_test,159,oracle,0.15239207438902866,0.025019585562282634
iid_test,160,raw,0.16115487146033217,0.029578842798311182
iid_test,160,platt,0.16051090802357348,0.023258523869830374
iid_test,160,isotonic,0.16136038896752336,0.019992541255508287
iid_test,160,oracle,0.15308050304034593,0.016466260738558388
iid_test,161,raw,0.15082852150435805,0.01807105720457163
iid_test,161,platt,0.15156975926862482,0.02806490848858382
iid_test,161,isotonic,0.15208620739258033,0.04111963126053383
iid_test,161,oracle,0.14435445135164518,0.0242050618506506
iid_test,162,raw,0.15945223014563653,0.03241882657805173
iid_test,162,platt,0.15907740865666334,0.019809756888712872
iid_test,162,isotonic,0.16048969186934742,0.031875768691849084
iid_test,162,oracle,0.15175263803705627,0.030096355634190077
iid_test,163,raw,0.16058252022504452,0.03450627790913837
iid_test,163,platt,0.15930059730423057,0.019508283707523576
iid_test,163,isotonic,0.16125358156707276,0.023886811589923104
iid_test,163,oracle,0.15338738474361702,0.02075492786303448
iid_test,164,raw,0.15381511090961225,0.024998140397974856
iid_test,164,platt,0.15351575947026838,0.01990943382379062
iid_test,164,isotonic,0.15442211783578097,0.025000468083729018
iid_test,164,oracle,0.14706726607034423,0.022142927405697326
iid_test,165,raw,0.15708256012739052,0.03626598404676054
iid_test,165,platt,0.156505587412277,0.027918796363296448
iid_test,165,isotonic,0.15632613691812117,0.017941917706510532
iid_test,165,oracle,0.14957403732205324,0.022323714478139002
iid_test,166,raw,0.15281639879578732,0.02977305320631334
iid_test,166,platt,0.15230869173581577,0.026097513159897116
iid_test,166,isotonic,0.15373650861097615,0.03202204954805678
iid_test,166,oracle,0.14779760942503017,0.026218408973222845
iid_test,167,raw,0.16150587778475034,0.035640242207295274
iid_test,167,platt,0.16073298955265347,0.02399700719342042
iid_test,167,isotonic,0.16220845752336344,0.027708831146985673
iid_test,167,oracle,0.15132589282084055,0.016691302137020213
iid_test,168,raw,0.1564296200309303,0.02078412878415294
iid_test,168,platt,0.15665050425398405,0.02567997289949284
iid_test,168,isotonic,0.1570602833112828,0.02565873174444749
iid_test,168,oracle,0.150809020504833,0.023767211832062925
iid_test,169,raw,0.15726403740292277,0.031904177584510765
iid_test,169,platt,0.15648576759381222,0.023077376675108875
iid_test,169,isotonic,0.15750459379137863,0.02640202119441583
iid_test,169,oracle,0.15036128278735753,0.034469246211457916
iid_test,170,raw,0.15609179759367395,0.028895779263516195
iid_test,170,platt,0.1556235138098609,0.020565719059916162
iid_test,170,isotonic,0.15695491607822346,0.023237019567352527
iid_test,170,oracle,0.15131307045486198,0.019658008887417446
iid_test,171,raw,0.15880889725463843,0.023846835329904933
iid_test,171,platt,0.15820106774298748,0.0169493221685289
iid_test,171,isotonic,0.16033079865686226,0.019682269580757583
iid_test,171,oracle,0.1503074963460997,0.011833982699272902
iid_test,172,raw,0.158471980402357,0.04380998115267576
iid_test,172,platt,0.1571879638308307,0.03343322097287803
iid_test,172,isotonic,0.15848726199953386,0.029737883217489318
iid_test,172,oracle,0.15094564309707914,0.023789827735260057
iid_test,173,raw,0.15584119620060696,0.030162397897321974
iid_test,173,platt,0.1558860540896015,0.024495917846049143
iid_test,173,isotonic,0.15755765360159718,0.032454918268315015
iid_test,173,oracle,0.14998036822191682,0.028584479517700694
iid_test,174,raw,0.15044440141988877,0.03318604957059709
iid_test,174,platt,0.1508511845225465,0.026549927031885332
iid_test,174,isotonic,0.15187824264609068,0.03226128388996809
iid_test,174,oracle,0.14485527618926522,0.023274437750962003
iid_test,175,raw,0.1506042862827762,0.020924335600814595
iid_test,175,platt,0.15142727820412039,0.033530627781655796
iid_test,175,isotonic,0.15175513092783877,0.03144052696540493
iid_test,175,oracle,0.14489368226468066,0.03214576400630707
iid_test,176,raw,0.15498823744052526,0.02376332256670297
iid_test,176,platt,0.1551038385339397,0.029484581503407905
iid_test,176,isotonic,0.15628564026942598,0.026433365020165113
iid_test,176,oracle,0.14759553067742687,0.02515162190054061
iid_test,177,raw,0.15601792000903542,0.020771198452840107
iid_test,177,platt,0.1555268028831582,0.012019476848473341
iid_test,177,isotonic,0.15673428596452632,0.014115184473179807
iid_test,177,oracle,0.14903303744451535,0.023008785564158883
iid_test,178,raw,0.15481463123872757,0.03117268286260897
iid_test,178,platt,0.1544104799306108,0.027196719342845198
iid_test,178,isotonic,0.1557455813387118,0.018961614274608615
iid_test,178,oracle,0.15035114366189187,0.02405116141707297
iid_test,179,raw,0.15831618833390507,0.023269627768288954
iid_test,179,platt,0.1581750779765517,0.021512551362142678
iid_test,179,isotonic,0.15982732462888385,0.030860071357361164
iid_test,179,oracle,0.1514862513952787,0.013979585225079548
iid_test,180,raw,0.15677022850067845,0.038229509280150654
iid_test,180,platt,0.15624862249143295,0.031433945347546274
iid_test,180,isotonic,0.1565282328443177,0.041249102174777584
iid_test,180,oracle,0.1487970152034004,0.02095688501950113
iid_test,181,raw,0.1478342659757932,0.029158048297629933
iid_test,181,platt,0.14804925751462952,0.033209472837676675
iid_test,181,isotonic,0.14890551634987845,0.03419200027684202
iid_test,181,oracle,0.1439505799796644,0.02467712102227389
iid_test,182,raw,0.15405142502561894,0.024665760090169304
iid_test,182,platt,0.15398632402632864,0.026277141539527895
iid_test,182,isotonic,0.15409361660671175,0.020519864616421274
iid_test,182,oracle,0.14706775651879553,0.022164430111617985
iid_test,183,raw,0.14994457891520988,0.031623261034133224
iid_test,183,platt,0.15005349992903508,0.033221220113052674
iid_test,183,isotonic,0.15145033161205848,0.04084499571240217
iid_test,183,oracle,0.14233078826880985,0.02192319489880407
iid_test,184,raw,0.15462707356799765,0.03532060491990544
iid_test,184,platt,0.153940375046291,0.024423985740710474
iid_test,184,isotonic,0.15489775321593477,0.03386817366714125
iid_test,184,oracle,0.14820072697449133,0.033387080318326955
iid_test,185,raw,0.15815875998477616,0.027527601411100888
iid_test,185,platt,0.15795449793697697,0.027688801729621966
iid_test,185,isotonic,0.15848458190021797,0.031570012647070496
iid_test,185,oracle,0.15044324408496296,0.017628699508597592
iid_test,186,raw,0.15656168419223623,0.032362358064302627
iid_test,186,platt,0.15635814827092623,0.030844568971158875
iid_test,186,isotonic,0.15718754640245955,0.021553591084551772
iid_test,186,oracle,0.15132440205274258,0.026731662650834518
iid_test,187,raw,0.15507648479529038,0.029239568977260735
iid_test,187,platt,0.15447655500034338,0.01917205793924554
iid_test,187,isotonic,0.155553752736692,0.022670645126597066
iid_test,187,oracle,0.14934684364894357,0.025667653075113317
iid_test,188,raw,0.1553880690841563,0.021648587034043834
iid_test,188,platt,0.15537432771532997,0.024274113602240577
iid_test,188,isotonic,0.15679319428627678,0.02639361483593836
iid_test,188,oracle,0.1464642574602162,0.026336446251265983
iid_test,189,raw,0.14703586715069517,0.027765200895279275
iid_test,189,platt,0.147774019796359,0.041787997406658034
iid_test,189,isotonic,0.14771686646216722,0.03540066691201797
iid_test,189,oracle,0.13966303194243662,0.029591078064778165
iid_test,190,raw,0.1604756104107172,0.030703523153138696
iid_test,190,platt,0.15976574143615127,0.022893316846770963
iid_test,190,isotonic,0.16067321331735895,0.031840273876800336
iid_test,190,oracle,0.1530186547385052,0.018307288214701442
iid_test,191,raw,0.14883863860319638,0.027351396751662652
iid_test,191,platt,0.1489828592939375,0.026399854378929954
iid_test,191,isotonic,0.14994132534429955,0.03447185492970856
iid_test,191,oracle,0.14278830195226605,0.02679047939092121
iid_test,192,raw,0.1547570613176844,0.02627985574442438
iid_test,192,platt,0.15443227205615986,0.024718546383354096
iid_test,192,isotonic,0.15523228398435082,0.025919828962009804
iid_test,192,oracle,0.14837055421717193,0.017058348326387557
iid_test,193,raw,0.15893851631556064,0.033143087865990434
iid_test,193,platt,0.15881779170473634,0.02774638001436341
iid_test,193,isotonic,0.15992853186830625,0.026812800802773117
iid_test,193,oracle,0.1517844184505971,0.0243138304108473
iid_test,194,raw,0.15338014027995428,0.02912883283689634
iid_test,194,platt,0.15335350886946708,0.032347896872573445
iid_test,194,isotonic,0.15360086549608049,0.02932314116607534
iid_test,194,oracle,0.1479950115620613,0.019462907200907657
iid_test,195,raw,0.15503159333832495,0.024720294638890285
iid_test,195,platt,0.15481798962994076,0.019335581502405975
iid_test,195,isotonic,0.15602271549272195,0.017402602724197868
iid_test,195,oracle,0.14817234009421057,0.012854464011989251
iid_test,196,raw,0.15440574022357476,0.022603518200768218
iid_test,196,platt,0.15433086829081782,0.02333455066491056
iid_test,196,isotonic,0.1558015991679779,0.025015451198015366
iid_test,196,oracle,0.14907671564785963,0.020411796995946217
iid_test,197,raw,0.15392027707106498,0.03153213938416749
iid_test,197,platt,0.15354308062065516,0.027887900051946062
iid_test,197,isotonic,0.15472821835559822,0.03261118659048309
iid_test,197,oracle,0.14744500615042097,0.02123296195948515
iid_test,198,raw,0.15186206033571534,0.03403792042435049
iid_test,198,platt,0.15199226627412385,0.0312566948204862
iid_test,198,isotonic,0.15338087773110193,0.03357762726118757
iid_test,198,oracle,0.14465831265775328,0.028308039681759718
iid_test,199,raw,0.1511429219258393,0.017816537890634008
iid_test,199,platt,0.15127685711435138,0.023282768133343568
iid_test,199,isotonic,0.15371318296812528,0.029760744892593
iid_test,199,oracle,0.14518195888124819,0.029317710105949663
shifted_test,0,raw,0.19891267575331853,0.050544064640325445
shifted_test,0,platt,0.19654898771196394,0.02537882201730777
shifted_test,0,isotonic,0.1979586127297789,0.030103708986771005
shifted_test,0,oracle,0.18110220111960385,0.02404004489245815
shifted_test,1,raw,0.20641928973123247,0.06793811339658458
shifted_test,1,platt,0.2031172022998894,0.04199408001957719
shifted_test,1,isotonic,0.20340928085647925,0.024049431919236905
shifted_test,1,oracle,0.18700899596216808,0.04071453139060974
shifted_test,2,raw,0.20206316649615289,0.050091212117645105
shifted_test,2,platt,0.19931088222657642,0.019681972791427686
shifted_test,2,isotonic,0.2008855701490337,0.02535252111782874
shifted_test,2,oracle,0.1839291488772091,0.02741059291400966
shifted_test,3,raw,0.20045321830911045,0.055240141907429006
shifted_test,3,platt,0.19831433124998743,0.0367048325434359
shifted_test,3,isotonic,0.198873750823732,0.03279765654649542
shifted_test,3,oracle,0.1834562058504135,0.019464660649671197
shifted_test,4,raw,0.1989758002483577,0.04542640244398616
shifted_test,4,platt,0.19705845852291684,0.023890972152212486
shifted_test,4,isotonic,0.197336791732714,0.030950949526619836
shifted_test,4,oracle,0.17778336359843994,0.030139847937011657
shifted_test,5,raw,0.21108771929292428,0.06316173655657809
shifted_test,5,platt,0.20751063782590085,0.04216959344078357
shifted_test,5,isotonic,0.20884616896012945,0.042101607751512476
shifted_test,5,oracle,0.1927662350217818,0.02725039398822644
shifted_test,6,raw,0.2007516818457258,0.05402064828561311
shifted_test,6,platt,0.19892654445436483,0.03766739230324271
shifted_test,6,isotonic,0.19958959361006312,0.03524980605035831
shifted_test,6,oracle,0.18334584839692472,0.01783572692507308
shifted_test,7,raw,0.1968014994009446,0.04649507453683508
shifted_test,7,platt,0.19469903305979666,0.030493548755715316
shifted_test,7,isotonic,0.19562737079746573,0.029466386635089176
shifted_test,7,oracle,0.18058473759970806,0.0380979182985963
shifted_test,8,raw,0.19897286257212102,0.04881620957919031
shifted_test,8,platt,0.19699050152596223,0.035443733136649336
shifted_test,8,isotonic,0.19782279084155047,0.019561195603246512
shifted_test,8,oracle,0.18174191640061813,0.02519697041397303
shifted_test,9,raw,0.20385556509114172,0.05568124875045489
shifted_test,9,platt,0.20136347378614455,0.03307096173272619
shifted_test,9,isotonic,0.20126828790612822,0.03350674238908532
shifted_test,9,oracle,0.18570599834408139,0.02485708306876052
shifted_test,10,raw,0.19480619619443318,0.04773820243715941
shifted_test,10,platt,0.19267418945618575,0.029010572902204598
shifted_test,10,isotonic,0.19349593068796925,0.019307273143986087
shifted_test,10,oracle,0.1779711724598285,0.03496038790841399
shifted_test,11,raw,0.2045888529874904,0.05481702423507171
shifted_test,11,platt,0.2018002392372106,0.03339305868980971
shifted_test,11,isotonic,0.20295635343220003,0.039245764211268
shifted_test,11,oracle,0.18500210346344803,0.024912053494089332
shifted_test,12,raw,0.20644768591252863,0.0602177136827202
shifted_test,12,platt,0.20407191001052002,0.03581753251287495
shifted_test,12,isotonic,0.2047885317890117,0.03260026355237944
shifted_test,12,oracle,0.19059461939376826,0.032559567934078486
shifted_test,13,raw,0.212494650825109,0.06625763863979468
shifted_test,13,platt,0.20883567984125367,0.040137888946503435
shifted_test,13,isotonic,0.20934959843894504,0.034843961829827436
shifted_test,13,oracle,0.19495394008250197,0.033969123806930505
shifted_test,14,raw,0.1986488212434835,0.045538817252638905
shifted_test,14,platt,0.196685092800358,0.03465421872163
shifted_test,14,isotonic,0.19657621828829985,0.02323648900813038
shifted_test,14,oracle,0.18121811447568192,0.019699361235581005
shifted_test,15,raw,0.20298550521915043,0.0467743779355463
shifted_test,15,platt,0.20064390273000016,0.028157999317425728
shifted_test,15,isotonic,0.20147856881422693,0.020030517534624995
shifted_test,15,oracle,0.18826985684436348,0.03468138268527202
shifted_test,16,raw,0.19615523983655295,0.05716538587320278
shifted_test,16,platt,0.1941113514532539,0.03429537795775529
shifted_test,16,isotonic,0.19486909479593337,0.028145915543480796
shifted_test,16,oracle,0.178201124240528,0.020995529824703284
shifted_test,17,raw,0.20433757242762204,0.05421812815882843
shifted_test,17,platt,0.20141984584975153,0.029708894064234617
shifted_test,17,isotonic,0.2016836455253778,0.02493805225115155
shifted_test,17,oracle,0.18428726828895522,0.027371683058853232
shifted_test,18,raw,0.19348171214474735,0.04805170087467943
shifted_test,18,platt,0.19193859476559863,0.02567813777717456
shifted_test,18,isotonic,0.19324815806751713,0.021583400958325876
shifted_test,18,oracle,0.17680125231041405,0.029608008894335777
shifted_test,19,raw,0.2015962233113435,0.049269261474795795
shifted_test,19,platt,0.19891086609782632,0.023374524834810582
shifted_test,19,isotonic,0.20015562818767596,0.026741443533464374
shifted_test,19,oracle,0.1831785281930633,0.034612985893540886
shifted_test,20,raw,0.20194919004741405,0.06360515993265169
shifted_test,20,platt,0.19895429564727685,0.03765313148910291
shifted_test,20,isotonic,0.20060469981503157,0.026997667478535454
shifted_test,20,oracle,0.18150338203979993,0.023624427501321214
shifted_test,21,raw,0.19606046841265282,0.04885050042436051
shifted_test,21,platt,0.19435314759597463,0.026071095572265304
shifted_test,21,isotonic,0.19432877945624444,0.017072279003314067
shifted_test,21,oracle,0.18335265017886263,0.02401754122693348
shifted_test,22,raw,0.2052788282274358,0.058317382463438726
shifted_test,22,platt,0.20195984897971322,0.0302869542623991
shifted_test,22,isotonic,0.20278971797503592,0.03346251920323013
shifted_test,22,oracle,0.18689971108287326,0.030252299661098207
shifted_test,23,raw,0.2063647467437629,0.06359009203310903
shifted_test,23,platt,0.20334644696171533,0.035644151585701535
shifted_test,23,isotonic,0.20261185060407888,0.033088536224658
shifted_test,23,oracle,0.18789430685030636,0.028334067965670756
shifted_test,24,raw,0.2016153343869301,0.0536086206149623
shifted_test,24,platt,0.1993397488230571,0.034132289724794644
shifted_test,24,isotonic,0.19968352759967292,0.03612950627603293
shifted_test,24,oracle,0.18143279001327767,0.028663847464064352
shifted_test,25,raw,0.19104468155236692,0.03431620459353782
shifted_test,25,platt,0.19004725828952526,0.02418595389293601
shifted_test,25,isotonic,0.1911616404640176,0.01986719095313935
shifted_test,25,oracle,0.17415130915381904,0.03225523179640578
shifted_test,26,raw,0.20270569504383187,0.0528294274935192
shifted_test,26,platt,0.20061973945033734,0.031937217598253784
shifted_test,26,isotonic,0.20195719906710008,0.028312291752880317
shifted_test,26,oracle,0.18543364699207798,0.02427239108261827
shifted_test,27,raw,0.19837954901320473,0.0509614462999471
shifted_test,27,platt,0.19643820518295874,0.027180053708202694
shifted_test,27,isotonic,0.19727408108441016,0.020541084067443007
shifted_test,27,oracle,0.1821950866937747,0.026091548997004863
shifted_test,28,raw,0.19960952670772697,0.05672520641540724
shifted_test,28,platt,0.19759002343965357,0.03614940904057679
shifted_test,28,isotonic,0.19883041023668618,0.03108475427248793
shifted_test,28,oracle,0.182350734136071,0.027810195838672898
shifted_test,29,raw,0.20302336041870703,0.04719465346399772
shifted_test,29,platt,0.20075602463670897,0.025846959833648847
shifted_test,29,isotonic,0.20225126743105898,0.020766112358731263
shifted_test,29,oracle,0.18223204078693422,0.03477218492555401
shifted_test,30,raw,0.21147145317628768,0.06604380125685176
shifted_test,30,platt,0.20727107608874137,0.03947630442405601
shifted_test,30,isotonic,0.20802819577036485,0.03766406371093836
shifted_test,30,oracle,0.1895653814154921,0.030757302096326357
shifted_test,31,raw,0.2028518209613864,0.052786089319783555
shifted_test,31,platt,0.20022667954370946,0.03381491570848322
shifted_test,31,isotonic,0.20057457989040617,0.027924439096294842
shifted_test,31,oracle,0.18458332721745047,0.029079811687998725
shifted_test,32,raw,0.19765374942330882,0.05763573134241426
shifted_test,32,platt,0.19572498196496296,0.03294539794228671
shifted_test,32,isotonic,0.1960554188320655,0.024213608854688595
shifted_test,32,oracle,0.18008521323479523,0.022932300062148657
shifted_test,33,raw,0.1987600360011504,0.050113023908213525
shifted_test,33,platt,0.1965760811664601,0.031103649456714705
shifted_test,33,isotonic,0.19661101429675273,0.02773942911423256
shifted_test,33,oracle,0.1799160530061809,0.033951480026671935
shifted_test,34,raw,0.2109335767653632,0.06915488509467345
shifted_test,34,platt,0.20756234354561137,0.04259833846902865
shifted_test,34,isotonic,0.20886674942576156,0.04022125582870375
shifted_test,34,oracle,0.19098902200753468,0.027676962221245494
shifted_test,35,raw,0.19838356302617796,0.05871883057548928
shifted_test,35,platt,0.19572384620878022,0.028282833982221884
shifted_test,35,isotonic,0.19611560243730847,0.03464108927144385
shifted_test,35,oracle,0.18149677028621938,0.041843976258635826
shifted_test,36,raw,0.199562662257546,0.04583135351685782
shifted_test,36,platt,0.19751754973082192,0.030378315410442967
shifted_test,36,isotonic,0.1985666925634044,0.02887733595732009
shifted_test,36,oracle,0.18005718876180452,0.03721081131329862
shifted_test,37,raw,0.20229762519518754,0.05658402853388948
shifted_test,37,platt,0.19952002357817308,0.03219036505883971
shifted_test,37,isotonic,0.20057595298810504,0.024281970871367662
shifted_test,37,oracle,0.18338163994871456,0.02459909519790213
shifted_test,38,raw,0.2069299364277515,0.06219320514700291
shifted_test,38,platt,0.20341304409461225,0.038425135939304016
shifted_test,38,isotonic,0.20570499471509182,0.039841098345549164
shifted_test,38,oracle,0.1881522352556627,0.0292923634305231
shifted_test,39,raw,0.20680340415373955,0.06027384834108878
shifted_test,39,platt,0.20367381171359897,0.035855213072915795
shifted_test,39,isotonic,0.2060724274113932,0.030292992043348843
shifted_test,39,oracle,0.18849400860844515,0.0276623313166588
shifted_test,40,raw,0.2054797788652855,0.0546333127258808
shifted_test,40,platt,0.2028344565550041,0.029335747020386247
shifted_test,40,isotonic,0.20374686878918366,0.02319045687321397
shifted_test,40,oracle,0.18753517490878863,0.022777116316285016
shifted_test,41,raw,0.20659049092514814,0.06345995791498406
shifted_test,41,platt,0.2038272573969452,0.04433638485965707
shifted_test,41,isotonic,0.20399913991279062,0.03740920009870089
shifted_test,41,oracle,0.18344354248003997,0.015453071889443145
shifted_test,42,raw,0.19921082334741383,0.05476361797318674
shifted_test,42,platt,0.196854813246231,0.03118152240159565
shifted_test,42,isotonic,0.1974260318290462,0.028507578444301594
shifted_test,42,oracle,0.18197565794124412,0.03010698687307727
shifted_test,43,raw,0.19490879647670642,0.045320293907981965
shifted_test,43,platt,0.19256184895759648,0.024417376125668522
shifted_test,43,isotonic,0.1928846925362487,0.034048919988549434
shifted_test,43,oracle,0.180937350156905,0.027315740970124153
shifted_test,44,raw,0.1999651688571132,0.04228415068399448
shifted_test,44,platt,0.19767835060881597,0.021295075393641064
shifted_test,44,isotonic,0.19950590105930283,0.031234374737890914
shifted_test,44,oracle,0.18238539566607864,0.03350871722236154
shifted_test,45,raw,0.198715704936759,0.05011970626404174
shifted_test,45,platt,0.19595822573526128,0.03033675895033767
shifted_test,45,isotonic,0.19705300084388463,0.035627242613163
shifted_test,45,oracle,0.18157955253060432,0.024683332781437622
shifted_test,46,raw,0.20117583394696467,0.05665317018463484
shifted_test,46,platt,0.19838687422814505,0.027564453573727284
shifted_test,46,isotonic,0.19918219353269212,0.025748915947028734
shifted_test,46,oracle,0.18310136856777035,0.03358182480003244
shifted_test,47,raw,0.19782055916612792,0.04816378365308622
shifted_test,47,platt,0.19588091087776077,0.036955231415088004
shifted_test,47,isotonic,0.1972169458969695,0.04379763969534097
shifted_test,47,oracle,0.18311703359294712,0.030518127300261422
shifted_test,48,raw,0.1996147361573228,0.05675530413250699
shifted_test,48,platt,0.19748784825458,0.03702958655218709
shifted_test,48,isotonic,0.19766116529968739,0.023239130656110295
shifted_test,48,oracle,0.18276735265613478,0.030290924908868633
shifted_test,49,raw,0.19475625729187285,0.04908699567437165
shifted_test,49,platt,0.19271822527470006,0.027972522185120415
shifted_test,49,isotonic,0.19372999094635499,0.03348721463616893
shifted_test,49,oracle,0.17989729100371118,0.02986199058196793
shifted_test,50,raw,0.2007934214827613,0.04736442544829371
shifted_test,50,platt,0.198583339760966,0.029143490487845352
shifted_test,50,isotonic,0.20051588843034102,0.03702382155132992
shifted_test,50,oracle,0.1808175499228523,0.03009888711991439
shifted_test,51,raw,0.20642873521970365,0.06147486323715968
shifted_test,51,platt,0.20324988375778555,0.046061455380232215
shifted_test,51,isotonic,0.2040574140525237,0.03463697926035665
shifted_test,51,oracle,0.1881821175726356,0.02815885683974886
shifted_test,52,raw,0.1980868336434659,0.049721989504749604
shifted_test,52,platt,0.19580865323407795,0.029862426689641442
shifted_test,52,isotonic,0.19657703664775245,0.026085836545042797
shifted_test,52,oracle,0.18095773638293466,0.02933524656192449
shifted_test,53,raw,0.19905961845667883,0.04781333532266128
shifted_test,53,platt,0.19689307144753382,0.023570963899091735
shifted_test,53,isotonic,0.1983574727230254,0.02626606939230903
shifted_test,53,oracle,0.1839961421047138,0.027203458818777573
shifted_test,54,raw,0.19769621342705995,0.05380749754874365
shifted_test,54,platt,0.1954099597513668,0.03557733521723545
shifted_test,54,isotonic,0.1964701171194068,0.03576395713196969
shifted_test,54,oracle,0.18060992448885987,0.018271356805078853
shifted_test,55,raw,0.20458498270891295,0.054528963587438216
shifted_test,55,platt,0.201686832210509,0.03123301130598445
shifted_test,55,isotonic,0.20145017357795753,0.0319909591283495
shifted_test,55,oracle,0.18785881079857294,0.029353981283551225
shifted_test,56,raw,0.20367060202581316,0.055124488574312513
shifted_test,56,platt,0.200871638824501,0.030510760852192727
shifted_test,56,isotonic,0.20121740781038283,0.029898194044282282
shifted_test,56,oracle,0.18495868250705583,0.027292173678303545
shifted_test,57,raw,0.20740694790760522,0.06107229174955174
shifted_test,57,platt,0.20412629269233898,0.028731489488424643
shifted_test,57,isotonic,0.2038637962110571,0.02215536304713438
shifted_test,57,oracle,0.19141369370740555,0.03183389632818281
shifted_test,58,raw,0.20276251545631954,0.05552675545547166
shifted_test,58,platt,0.2000473750876984,0.03681072976305606
shifted_test,58,isotonic,0.20048684927249846,0.02703330536994159
shifted_test,58,oracle,0.1834249866795127,0.02543522175315916
shifted_test,59,raw,0.19941285034502076,0.04437075063848495
shifted_test,59,platt,0.19720585794046946,0.019551320820583622
shifted_test,59,isotonic,0.1982526883421148,0.02321097960339826
shifted_test,59,oracle,0.18402000265671598,0.026701983509357447
shifted_test,60,raw,0.20353513261009593,0.050452817247736835
shifted_test,60,platt,0.20078524189322833,0.02898281875241067
shifted_test,60,isotonic,0.20210099663535888,0.02418481618617273
shifted_test,60,oracle,0.1834049618847809,0.0258606078495361
shifted_test,61,raw,0.20124225338822482,0.049943970520383026
shifted_test,61,platt,0.19897717591815775,0.02407911871200655
shifted_test,61,isotonic,0.19996601387662066,0.02762057386774479
shifted_test,61,oracle,0.18561217988083498,0.03403585052278199
shifted_test,62,raw,0.2055015694261512,0.06166818721367032
shifted_test,62,platt,0.20259899027582154,0.04249638191589046
shifted_test,62,isotonic,0.20353986543506228,0.033118631947881665
shifted_test,62,oracle,0.19014401607187909,0.024501345224886263
shifted_test,63,raw,0.2008389865573758,0.0501365294069
shifted_test,63,platt,0.1987847009432285,0.03563133785662394
shifted_test,63,isotonic,0.20008578067912414,0.02873444287944818
shifted_test,63,oracle,0.1844689596146181,0.022547762146311375
shifted_test,64,raw,0.19696329458828382,0.046044244036733475
shifted_test,64,platt,0.1953668692718016,0.03342135296722914
shifted_test,64,isotonic,0.19707968627418737,0.03713960752525719
shifted_test,64,oracle,0.1810262554198978,0.025178515202510084
shifted_test,65,raw,0.2033112796023172,0.057340094913994465
shifted_test,65,platt,0.20009364291326404,0.027370757481815937
shifted_test,65,isotonic,0.20160209133563564,0.029151391298633797
shifted_test,65,oracle,0.1840355998318139,0.0339972175892126
shifted_test,66,raw,0.19869649724148072,0.050370914705762555
shifted_test,66,platt,0.19591825048451983,0.03187936451550815
shifted_test,66,isotonic,0.19673030849868217,0.032763966784339196
shifted_test,66,oracle,0.18200505322268115,0.030720854715502406
shifted_test,67,raw,0.19999610174838944,0.05199684586453475
shifted_test,67,platt,0.19725995257067638,0.03167658683694763
shifted_test,67,isotonic,0.19809949957895015,0.02696375559661831
shifted_test,67,oracle,0.18172717742910816,0.038265208939118875
shifted_test,68,raw,0.20511191405885765,0.055267189405505
shifted_test,68,platt,0.2020899720197011,0.02654193971064194
shifted_test,68,isotonic,0.20348240174383284,0.032369352588677264
shifted_test,68,oracle,0.18877136642355338,0.02356262954171886
shifted_test,69,raw,0.20172404882625927,0.05042007009048821
shifted_test,69,platt,0.19893183751915613,0.030288289877918175
shifted_test,69,isotonic,0.2011565324472835,0.035752360104721326
shifted_test,69,oracle,0.18263838816561148,0.030647526769510193
shifted_test,70,raw,0.1969211488571187,0.04356298514016469
shifted_test,70,platt,0.19471373784552096,0.025637420494618264
shifted_test,70,isotonic,0.19564768393014728,0.03000271327844995
shifted_test,70,oracle,0.17839017228600176,0.025941086223745136
shifted_test,71,raw,0.20304300388215896,0.05803066214023003
shifted_test,71,platt,0.20025848646163413,0.033655285456368395
shifted_test,71,isotonic,0.20035951686043965,0.026593522829444438
shifted_test,71,oracle,0.18570877757168022,0.02613990813767748
shifted_test,72,raw,0.20247289937407031,0.06239195688630979
shifted_test,72,platt,0.1996295911679428,0.035673021214738386
shifted_test,72,isotonic,0.2007126368350514,0.03495825692467948
shifted_test,72,oracle,0.18232923645045931,0.019823936196843858
shifted_test,73,raw,0.20640919673456906,0.06663022955479914
shifted_test,73,platt,0.2029186054899482,0.03825275818263982
shifted_test,73,isotonic,0.20342168212644018,0.03482949835849034
shifted_test,73,oracle,0.19009995749550634,0.028118891377170635
shifted_test,74,raw,0.2022985089296822,0.05775377531743577
shifted_test,74,platt,0.1998167760044574,0.0339108085842141
shifted_test,74,isotonic,0.2006280639656041,0.014507609344033383
shifted_test,74,oracle,0.18517418250878506,0.036128531713353285
shifted_test,75,raw,0.20417055883201538,0.05802307867526877
shifted_test,75,platt,0.20121033581106143,0.03271958132576158
shifted_test,75,isotonic,0.2020424794084741,0.04353186011646287
shifted_test,75,oracle,0.18577934142840585,0.03382899066127794
shifted_test,76,raw,0.20053408666755337,0.053340132885156495
shifted_test,76,platt,0.19851923922380751,0.038754734571461065
shifted_test,76,isotonic,0.19893331432863662,0.02487372157653526
shifted_test,76,oracle,0.18112154975040862,0.019736047148721406
shifted_test,77,raw,0.19424861069642033,0.043350905306586064
shifted_test,77,platt,0.1922143222702485,0.026000956905159866
shifted_test,77,isotonic,0.1927805992183314,0.019484478688746712
shifted_test,77,oracle,0.18006321073137788,0.03214508194912781
shifted_test,78,raw,0.2042840538502218,0.057657774129618984
shifted_test,78,platt,0.20177816866333023,0.0328670398730878
shifted_test,78,isotonic,0.2027712026791525,0.020746852790794683
shifted_test,78,oracle,0.18423025324406203,0.026052299927896202
shifted_test,79,raw,0.19171748531942145,0.038576501337762026
shifted_test,79,platt,0.1902608149392829,0.022050252219549933
shifted_test,79,isotonic,0.19189321183933347,0.03319880631640581
shifted_test,79,oracle,0.17680731295706464,0.03963137454187629
shifted_test,80,raw,0.19456752101499372,0.04611475432851453
shifted_test,80,platt,0.19269593691142684,0.030018622012676792
shifted_test,80,isotonic,0.1932520856490909,0.024528572411230527
shifted_test,80,oracle,0.17789618970664628,0.03375537249100368
shifted_test,81,raw,0.20233651348909892,0.06259977853949308
shifted_test,81,platt,0.19950313144617118,0.04338489559639861
shifted_test,81,isotonic,0.20009721318341966,0.025380528699560072
shifted_test,81,oracle,0.1830141405601935,0.03078502252094807
shifted_test,82,raw,0.20008609065192157,0.04826757726474015
shifted_test,82,platt,0.1981576876080534,0.022443834143060944
shifted_test,82,isotonic,0.1986673840569131,0.02713730272414921
shifted_test,82,oracle,0.18416112899898274,0.023289645384731907
shifted_test,83,raw,0.19611237456642955,0.04431147475309275
shifted_test,83,platt,0.1941542338937948,0.020702214867077826
shifted_test,83,isotonic,0.19480473101083415,0.021651666724762493
shifted_test,83,oracle,0.17919636022815827,0.032747557903124766
shifted_test,84,raw,0.20090002496703396,0.04892389996947873
shifted_test,84,platt,0.19799975843925421,0.02532100714495845
shifted_test,84,isotonic,0.1993137554894181,0.025157275171653472
shifted_test,84,oracle,0.1848900254121028,0.03260898106976823
shifted_test,85,raw,0.19859423725996103,0.05058501720648813
shifted_test,85,platt,0.19650875965949308,0.03270961897017272
shifted_test,85,isotonic,0.1971540401498024,0.0162969590857451
shifted_test,85,oracle,0.17902969518164602,0.022172349979706123
shifted_test,86,raw,0.2039339648317496,0.05504948502249021
shifted_test,86,platt,0.2012066924882331,0.0342992848753521
shifted_test,86,isotonic,0.20314595498760352,0.039925983009287284
shifted_test,86,oracle,0.18715553474205937,0.03152116851417511
shifted_test,87,raw,0.20543716323686934,0.06320920195963847
shifted_test,87,platt,0.20215446727737624,0.038980380922048086
shifted_test,87,isotonic,0.20356062486164422,0.03128415907506163
shifted_test,87,oracle,0.1824465071635309,0.02857460716290508
shifted_test,88,raw,0.20684830408352184,0.055812712140022216
shifted_test,88,platt,0.20357710886285296,0.029575673827571626
shifted_test,88,isotonic,0.20276032729383753,0.02838009062654202
shifted_test,88,oracle,0.1894876412972804,0.025780985900352757
shifted_test,89,raw,0.20590345559626272,0.07008516895046364
shifted_test,89,platt,0.2026711386472203,0.04171387418349712
shifted_test,89,isotonic,0.20241896846003685,0.037675424845869956
shifted_test,89,oracle,0.18968170538304543,0.028289714453143634
shifted_test,90,raw,0.19722604378518704,0.043416375535313516
shifted_test,90,platt,0.19496562180990554,0.022347923653697782
shifted_test,90,isotonic,0.19633565752879228,0.027325486094421394
shifted_test,90,oracle,0.17996395293298048,0.0299664245723447
shifted_test,91,raw,0.20658482747570625,0.058579614296261205
shifted_test,91,platt,0.2029005988082932,0.03122605990442819
shifted_test,91,isotonic,0.20322753764753893,0.03454929543603141
shifted_test,91,oracle,0.185835380675514,0.03668553639462592
shifted_test,92,raw,0.20109137327277357,0.05651032238016884
shifted_test,92,platt,0.19820602757664446,0.036313586648268885
shifted_test,92,isotonic,0.19900113695173938,0.028818188608245417
shifted_test,92,oracle,0.1823303593236922,0.024109684792589063
shifted_test,93,raw,0.19659619365883751,0.044049695961727545
shifted_test,93,platt,0.19520974365812518,0.027659884435334542
shifted_test,93,isotonic,0.1955691912474428,0.02751481758065679
shifted_test,93,oracle,0.18024438148562247,0.02862430277533128
shifted_test,94,raw,0.19946582965222104,0.052427415226656636
shifted_test,94,platt,0.19680604099977617,0.029646038585620565
shifted_test,94,isotonic,0.19739300993600917,0.029083243411616246
shifted_test,94,oracle,0.18171155647506435,0.036200930351457376
shifted_test,95,raw,0.2065667566642211,0.06843657183095922
shifted_test,95,platt,0.20324820611633754,0.04301863372328292
shifted_test,95,isotonic,0.203720683274071,0.02971851553918234
shifted_test,95,oracle,0.18835817902105084,0.028983420781082295
shifted_test,96,raw,0.19763654970566127,0.04625831934196403
shifted_test,96,platt,0.19541606251015978,0.022622347367938195
shifted_test,96,isotonic,0.19572645507498942,0.022863702110033964
shifted_test,96,oracle,0.18025004937980688,0.0285134729088697
shifted_test,97,raw,0.19843551540391555,0.05284727447884204
shifted_test,97,platt,0.1960371923761417,0.03118888582888832
shifted_test,97,isotonic,0.19753649877137439,0.03232144942722711
shifted_test,97,oracle,0.18071199845444838,0.02038496667427093
shifted_test,98,raw,0.20654379587290503,0.06084863104854504
shifted_test,98,platt,0.20323934331326,0.03448113834010955
shifted_test,98,isotonic,0.2039245853745058,0.03757211442691601
shifted_test,98,oracle,0.18742195807467746,0.026116692869357545
shifted_test,99,raw,0.198701893298836,0.04516067258314453
shifted_test,99,platt,0.19667189834751791,0.022045245940769495
shifted_test,99,isotonic,0.1979139189235183,0.030457141751336035
shifted_test,99,oracle,0.18190138085095198,0.039748006036052094
shifted_test,100,raw,0.19877702783089202,0.04337551746567504
shifted_test,100,platt,0.19669071219264456,0.024038369097213096
shifted_test,100,isotonic,0.19775417967094996,0.01708785529107307
shifted_test,100,oracle,0.1792770923042521,0.03364991289020869
shifted_test,101,raw,0.20646688520605785,0.057860916379690874
shifted_test,101,platt,0.20334401107327782,0.030511443797429018
shifted_test,101,isotonic,0.20524193127838786,0.02875977641795403
shifted_test,101,oracle,0.1884450336402121,0.030347417249379952
shifted_test,102,raw,0.20003136119025652,0.05195411973821564
shifted_test,102,platt,0.19786237841264454,0.02836109842990177
shifted_test,102,isotonic,0.19761716043585595,0.018296871388043614
shifted_test,102,oracle,0.18347562512804746,0.02852359085840924
shifted_test,103,raw,0.20470543151561,0.05311893165295415
shifted_test,103,platt,0.2021354986615143,0.03343578749918727
shifted_test,103,isotonic,0.20433117350268254,0.036508155062602125
shifted_test,103,oracle,0.18493234539048573,0.01916229753455372
shifted_test,104,raw,0.19865926624350352,0.04568101971614331
shifted_test,104,platt,0.19680512686809956,0.032944079183278824
shifted_test,104,isotonic,0.19854002006911636,0.029249373338403273
shifted_test,104,oracle,0.180152299387755,0.027619296065326485
shifted_test,105,raw,0.19690821594301416,0.04371635221660023
shifted_test,105,platt,0.1954578522507561,0.026301115232235096
shifted_test,105,isotonic,0.19646426619319704,0.029195158917459302
shifted_test,105,oracle,0.17904734566135008,0.02495374503295337
shifted_test,106,raw,0.19798390112197217,0.052697728184948174
shifted_test,106,platt,0.19602989772343987,0.0272353517676504
shifted_test,106,isotonic,0.19646760039944222,0.024182956087813054
shifted_test,106,oracle,0.18234581411246722,0.033293608884407494
shifted_test,107,raw,0.20576610084701163,0.05747415911531606
shifted_test,107,platt,0.20270725142310075,0.03584308169809973
shifted_test,107,isotonic,0.20430507458074515,0.033414516126295674
shifted_test,107,oracle,0.184947792666944,0.020543205543434615
shifted_test,108,raw,0.20082338971774819,0.046055361385794795
shifted_test,108,platt,0.1994500818722784,0.037050287632090124
shifted_test,108,isotonic,0.20031394378709974,0.03649945642109008
shifted_test,108,oracle,0.1845865915406235,0.03945008326487304
shifted_test,109,raw,0.1915013903605704,0.037282022293333605
shifted_test,109,platt,0.19027906596613534,0.029167855130199254
shifted_test,109,isotonic,0.1907335619848454,0.01975576634213837
shifted_test,109,oracle,0.1749831279389301,0.03576343020699623
shifted_test,110,raw,0.1994735946844302,0.050146886106539286
shifted_test,110,platt,0.19743744676261513,0.02511236135246438
shifted_test,110,isotonic,0.1971578342930549,0.020010044833840022
shifted_test,110,oracle,0.18339209905731227,0.02489097706124425
shifted_test,111,raw,0.20110549938673247,0.056389660075904895
shifted_test,111,platt,0.19766569424716712,0.03063936884604388
shifted_test,111,isotonic,0.1978041869161198,0.03184454195926443
shifted_test,111,oracle,0.18229822166724707,0.03832471375162076
shifted_test,112,raw,0.19705712346444387,0.05163268981999559
shifted_test,112,platt,0.19479867195227862,0.031244938816870085
shifted_test,112,isotonic,0.194403683836256,0.030182084148518584
shifted_test,112,oracle,0.18127872179592988,0.03039529869532727
shifted_test,113,raw,0.196682150361704,0.04645865775098774
shifted_test,113,platt,0.19414488711826322,0.02545851999895488
shifted_test,113,isotonic,0.1946412154165208,0.024962842364017593
shifted_test,113,oracle,0.17737194424761704,0.03365511883555455
shifted_test,114,raw,0.21122590794285523,0.07311690111832937
shifted_test,114,platt,0.20729730424032997,0.04647472087971833
shifted_test,114,isotonic,0.2083710109027874,0.040905602934713424
shifted_test,114,oracle,0.19340664432315316,0.03183119575086321
shifted_test,115,raw,0.19250846500555227,0.04138571305412187
shifted_test,115,platt,0.19052236533543687,0.029938452674214223
shifted_test,115,isotonic,0.19202445195856419,0.03552150157868123
shifted_test,115,oracle,0.1771498588474223,0.03208475849478132
shifted_test,116,raw,0.20046593302232235,0.05535847161850709
shifted_test,116,platt,0.1978834441250199,0.031924164046635894
shifted_test,116,isotonic,0.198616969385835,0.025988248020413558
shifted_test,116,oracle,0.18397583509599047,0.035169576520873914
shifted_test,117,raw,0.19994040047378958,0.049563724578804
shifted_test,117,platt,0.19763767804834054,0.03165369433430664
shifted_test,117,isotonic,0.19883497154480287,0.020392428399715785
shifted_test,117,oracle,0.17956514949722543,0.032453522946141886
shifted_test,118,raw,0.20351997470262934,0.05406450302038356
shifted_test,118,platt,0.20034904128097478,0.031355659185824086
shifted_test,118,isotonic,0.20048579389881882,0.02755183914777382
shifted_test,118,oracle,0.18702638387411116,0.036079291555872674
shifted_test,119,raw,0.2134900300588355,0.07300894263690713
shifted_test,119,platt,0.20911835668545106,0.04346465803264814
shifted_test,119,isotonic,0.20935666766249322,0.03824945459168778
shifted_test,119,oracle,0.1922155870869763,0.02329654943177885
shifted_test,120,raw,0.19738733309303497,0.04910241812271462
shifted_test,120,platt,0.19477048609631945,0.019968780351197687
shifted_test,120,isotonic,0.1959732848024668,0.027428045588017345
shifted_test,120,oracle,0.1801421708672411,0.028896466366201874
shifted_test,121,raw,0.1977220113985972,0.051011896332104414
shifted_test,121,platt,0.19590430037157072,0.02477882815112389
shifted_test,121,isotonic,0.19550831700341084,0.01903271162844339
shifted_test,121,oracle,0.18144776013953878,0.030048914485270677
shifted_test,122,raw,0.19141569496678107,0.050256673365354346
shifted_test,122,platt,0.1895983940309047,0.03218469678139166
shifted_test,122,isotonic,0.18912931009929745,0.025778419102867982
shifted_test,122,oracle,0.178774186529808,0.04226327317769267
shifted_test,123,raw,0.19484071363314778,0.050069946056527516
shifted_test,123,platt,0.19325724561215898,0.02972101268276002
shifted_test,123,isotonic,0.19358928613195492,0.023200992535135353
shifted_test,123,oracle,0.17913078763427756,0.01941637707888657
shifted_test,124,raw,0.20651259303330918,0.05533083706097161
shifted_test,124,platt,0.20418186827804394,0.0347813391660097
shifted_test,124,isotonic,0.20432664649573462,0.03447251182081126
shifted_test,124,oracle,0.18819113509445504,0.025215594585202998
shifted_test,125,raw,0.20251898878446156,0.047829865464959466
shifted_test,125,platt,0.2003545702785915,0.027768979496195872
shifted_test,125,isotonic,0.20174245209111782,0.031520036672858645
shifted_test,125,oracle,0.18263413657553587,0.028548313107430046
shifted_test,126,raw,0.20045072683222165,0.05215780641220844
shifted_test,126,platt,0.1982441234840266,0.034581397176520236
shifted_test,126,isotonic,0.19968797753810705,0.0399191694701361
shifted_test,126,oracle,0.1810549441076285,0.01723627233330729
shifted_test,127,raw,0.19661818274300186,0.05058979420109832
shifted_test,127,platt,0.1951167304067089,0.03970707105998745
shifted_test,127,isotonic,0.19531075253407207,0.024702212853372287
shifted_test,127,oracle,0.17945604149456873,0.023092132086108108
shifted_test,128,raw,0.20070939034620885,0.05198701215646415
shifted_test,128,platt,0.19806455459716035,0.02288258462946781
shifted_test,128,isotonic,0.19908315005582608,0.026146911513465567
shifted_test,128,oracle,0.18334643529117647,0.023491204384396638
shifted_test,129,raw,0.2023008279730453,0.05454312761574784
shifted_test,129,platt,0.19999022706276534,0.03490296889990396
shifted_test,129,isotonic,0.20137568982411858,0.02477815997718725
shifted_test,129,oracle,0.18639233593544313,0.02516082233540682
shifted_test,130,raw,0.2034645847427806,0.05016561789094489
shifted_test,130,platt,0.2005560876557564,0.024318475550800477
shifted_test,130,isotonic,0.20176928464154226,0.031235397401745166
shifted_test,130,oracle,0.18556996506256684,0.029885950158200766
shifted_test,131,raw,0.2003627794250733,0.04600446426793483
shifted_test,131,platt,0.19811887512699522,0.030341687177440613
shifted_test,131,isotonic,0.19848828106530536,0.02470287961859402
shifted_test,131,oracle,0.18219982218031774,0.03302108090097097
shifted_test,132,raw,0.19861010971339033,0.05463550845360506
shifted_test,132,platt,0.1964215125959895,0.03443671577428651
shifted_test,132,isotonic,0.1967388082826714,0.027919400288794933
shifted_test,132,oracle,0.18113447606619185,0.01792416003461811
shifted_test,133,raw,0.19346520977984005,0.04560340729123164
shifted_test,133,platt,0.19164892553210514,0.024920319875772378
shifted_test,133,isotonic,0.19255780050180374,0.025318121982939517
shifted_test,133,oracle,0.17740483006556018,0.025151099432187
shifted_test,134,raw,0.2102450531458943,0.06612166885382215
shifted_test,134,platt,0.2064625115665328,0.04010776863162791
shifted_test,134,isotonic,0.20655519121151125,0.03204479203873574
shifted_test,134,oracle,0.18998375035599238,0.026763713466372845
shifted_test,135,raw,0.20296674911542906,0.061557927121795655
shifted_test,135,platt,0.20059769499304647,0.03775367829440879
shifted_test,135,isotonic,0.20152810110077338,0.027986319501943194
shifted_test,135,oracle,0.18439892754024,0.02037768933692148
shifted_test,136,raw,0.1995645023306761,0.050014942780707075
shifted_test,136,platt,0.19686655717271226,0.01717939196041759
shifted_test,136,isotonic,0.19742587077770304,0.025323386821373427
shifted_test,136,oracle,0.18212259497400882,0.023953885745188204
shifted_test,137,raw,0.20228042596086387,0.060087410510038124
shifted_test,137,platt,0.19910280400537625,0.02839754686654564
shifted_test,137,isotonic,0.20001034174461824,0.025180668493962482
shifted_test,137,oracle,0.1846720444527219,0.03421950002703956
shifted_test,138,raw,0.19985382878713895,0.049991178946337755
shifted_test,138,platt,0.19790141598522254,0.03466596700360405
shifted_test,138,isotonic,0.19811700800622908,0.024651693243382924
shifted_test,138,oracle,0.1834247569420452,0.027157291781731093
shifted_test,139,raw,0.19930430443871394,0.04829667055610724
shifted_test,139,platt,0.1969387680521024,0.022821796217329222
shifted_test,139,isotonic,0.1979513459881679,0.02378576062844124
shifted_test,139,oracle,0.18299534118449265,0.031531917730218996
shifted_test,140,raw,0.20037895545771955,0.05437463170204476
shifted_test,140,platt,0.19869231341351795,0.042970283507188914
shifted_test,140,isotonic,0.1989989868356935,0.033373869024080655
shifted_test,140,oracle,0.18260148497370096,0.028773840780549002
shifted_test,141,raw,0.1957050567108635,0.04109162233581549
shifted_test,141,platt,0.1942899093542484,0.02243162909866677
shifted_test,141,isotonic,0.19543485318018006,0.013650638643473191
shifted_test,141,oracle,0.17630061096363356,0.029488161866025677
shifted_test,142,raw,0.1963691479619058,0.04997664264858336
shifted_test,142,platt,0.19465358238274968,0.025788417160170884
shifted_test,142,isotonic,0.19551645581383265,0.03266005019593795
shifted_test,142,oracle,0.17781834905877428,0.035795122164666376
shifted_test,143,raw,0.19519584529993517,0.034792609127928066
shifted_test,143,platt,0.19310137950691994,0.018790115154197026
shifted_test,143,isotonic,0.19455836565027934,0.017624083719560577
shifted_test,143,oracle,0.17984714420323833,0.04084487168869285
shifted_test,144,raw,0.2069798808726587,0.05658070466391198
shifted_test,144,platt,0.20388736724904596,0.03113816831419241
shifted_test,144,isotonic,0.20492675481189326,0.02376349348890773
shifted_test,144,oracle,0.18876774645258176,0.028507152531954127
shifted_test,145,raw,0.1982659987495342,0.0510638098323827
shifted_test,145,platt,0.19607098817636556,0.0250264194738953
shifted_test,145,isotonic,0.1971902219789936,0.02790941939917896
shifted_test,145,oracle,0.18125145315877028,0.03263078228088264
shifted_test,146,raw,0.19856140537617073,0.054859304360985586
shifted_test,146,platt,0.19640129547411594,0.03005574969219308
shifted_test,146,isotonic,0.19685493672350932,0.02511384980347728
shifted_test,146,oracle,0.18258969136084185,0.02943053049103618
shifted_test,147,raw,0.194185925693995,0.042698404458932894
shifted_test,147,platt,0.19273757973649347,0.029093193194248693
shifted_test,147,isotonic,0.19367333311233265,0.020231506919953263
shifted_test,147,oracle,0.17992704586828268,0.033022327165294775
shifted_test,148,raw,0.19984788179292914,0.05434347799801825
shifted_test,148,platt,0.19828287879047166,0.036150675496981616
shifted_test,148,isotonic,0.1986108984479067,0.022105594294832737
shifted_test,148,oracle,0.178309133894835,0.024373161446701326
shifted_test,149,raw,0.20381650055984996,0.05547589232259503
shifted_test,149,platt,0.2008441953450112,0.029868736339899622
shifted_test,149,isotonic,0.20122536052334816,0.030647873564928138
shifted_test,149,oracle,0.18493387655538546,0.03378091743760537
shifted_test,150,raw,0.2026159535556955,0.05261775307845015
shifted_test,150,platt,0.19982215385738342,0.031240941141716994
shifted_test,150,isotonic,0.20107175293182108,0.0324204558255795
shifted_test,150,oracle,0.18116400164874724,0.020757447179063766
shifted_test,151,raw,0.1953678392193833,0.046215298512865946
shifted_test,151,platt,0.19403137238864118,0.0358541601066216
shifted_test,151,isotonic,0.19552787858018664,0.03191990486679557
shifted_test,151,oracle,0.1791885244157701,0.03503442320881972
shifted_test,152,raw,0.19958377989312476,0.051808480772370075
shifted_test,152,platt,0.19725955512575433,0.02635090891285211
shifted_test,152,isotonic,0.19862798484346053,0.021587603981148992
shifted_test,152,oracle,0.17981458903083458,0.024018280258308555
shifted_test,153,raw,0.20371148577101628,0.05395290385451283
shifted_test,153,platt,0.200435792301413,0.030054363326644292
shifted_test,153,isotonic,0.20134228715542243,0.03414459590536484
shifted_test,153,oracle,0.18429662243240924,0.032846721139229866
shifted_test,154,raw,0.19708614208622066,0.05430324719949765
shifted_test,154,platt,0.1947420116714399,0.043931718090641586
shifted_test,154,isotonic,0.1950930272624233,0.04393378710551775
shifted_test,154,oracle,0.17917227697689259,0.02696529971712368
shifted_test,155,raw,0.1942340918181357,0.035492071297989765
shifted_test,155,platt,0.19280928195466357,0.024464014853713037
shifted_test,155,isotonic,0.19424237228599842,0.014911332650454093
shifted_test,155,oracle,0.18001134403569938,0.02665829980308621
shifted_test,156,raw,0.19970933984084377,0.051284403487531244
shifted_test,156,platt,0.1973711921918945,0.030539639503766765
shifted_test,156,isotonic,0.19818872144221997,0.025651100568015197
shifted_test,156,oracle,0.18014073150229618,0.025715836342840144
shifted_test,157,raw,0.19967398163922556,0.05108802779634704
shifted_test,157,platt,0.19710400670157174,0.02671178787856428
shifted_test,157,isotonic,0.19735437977334386,0.020776387882837394
shifted_test,157,oracle,0.1827493871364116,0.021084701366942352
shifted_test,158,raw,0.19653734604717174,0.04644276680626985
shifted_test,158,platt,0.1943221410729787,0.022111291909559284
shifted_test,158,isotonic,0.19536515273641059,0.02648182940625645
shifted_test,158,oracle,0.1814537480622388,0.026303878922462602
shifted_test,159,raw,0.19319349486069745,0.04040776003297233
shifted_test,159,platt,0.19154012671326143,0.027427626699404822
shifted_test,159,isotonic,0.19260882642509042,0.027597161751697012
shifted_test,159,oracle,0.17835121290543784,0.03371490594293046
shifted_test,160,raw,0.19959234885417884,0.04864261100325222
shifted_test,160,platt,0.1974503354932934,0.02558351180886214
shifted_test,160,isotonic,0.19814358023138698,0.028549475730514563
shifted_test,160,oracle,0.1815648209563681,0.03072895891205739
shifted_test,161,raw,0.1984010709953618,0.049907666740421984
shifted_test,161,platt,0.196686056317965,0.034381622068524284
shifted_test,161,isotonic,0.19706357244392553,0.03674113189213275
shifted_test,161,oracle,0.18159591815167983,0.029121800123171435
shifted_test,162,raw,0.19675545135673633,0.0580496081811093
shifted_test,162,platt,0.19493665889313827,0.03383447319093189
shifted_test,162,isotonic,0.1955288746038235,0.02016731764112722
shifted_test,162,oracle,0.18241033693399075,0.03596926072149316
shifted_test,163,raw,0.19670959807668437,0.059110817848290594
shifted_test,163,platt,0.19428782690553653,0.03481317729440006
shifted_test,163,isotonic,0.1948031376334337,0.03362323831700976
shifted_test,163,oracle,0.17837541154492464,0.03592361406227399
shifted_test,164,raw,0.20056896296748317,0.051639869338058246
shifted_test,164,platt,0.19833431374167185,0.029942348737120178
shifted_test,164,isotonic,0.19936874793513407,0.026695267685570144
shifted_test,164,oracle,0.18364283885729807,0.03312733644305339
shifted_test,165,raw,0.19733084226221184,0.05125210984830561
shifted_test,165,platt,0.19534880514271008,0.0338436764895011
shifted_test,165,isotonic,0.1952304601893353,0.02572337462933861
shifted_test,165,oracle,0.17908642017751633,0.04216657348821484
shifted_test,166,raw,0.19942184608068445,0.060642844125774746
shifted_test,166,platt,0.19698102189387268,0.03669570019146966
shifted_test,166,isotonic,0.19677321328487618,0.029253130856700817
shifted_test,166,oracle,0.182724647593734,0.03144193601283146
shifted_test,167,raw,0.2046044307561339,0.05127403198028207
shifted_test,167,platt,0.20230332541353122,0.03512857794708367
shifted_test,167,isotonic,0.20423345226066728,0.026634441370201937
shifted_test,167,oracle,0.18330111270413635,0.03304504614611211
shifted_test,168,raw,0.19553935683240498,0.046217884964650825
shifted_test,168,platt,0.19417123372482215,0.025605956350144902
shifted_test,168,isotonic,0.19412523506937934,0.02278132640633439
shifted_test,168,oracle,0.1773143672732637,0.02551006772843913
shifted_test,169,raw,0.20572507291850048,0.06042524515231082
shifted_test,169,platt,0.20274602731565014,0.03429200686044393
shifted_test,169,isotonic,0.20363529813789724,0.03203696212763193
shifted_test,169,oracle,0.1834383549133088,0.040327914254163065
shifted_test,170,raw,0.2002610634492837,0.052163176070830694
shifted_test,170,platt,0.19772332663307035,0.030087766954256346
shifted_test,170,isotonic,0.19930505377611743,0.025662605454520752
shifted_test,170,oracle,0.1810448974256696,0.0350894141901131
shifted_test,171,raw,0.20132192424917572,0.05619841877924506
shifted_test,171,platt,0.19884443701917448,0.037644571759387305
shifted_test,171,isotonic,0.20003918966825615,0.024814062067125553
shifted_test,171,oracle,0.18168662649808212,0.022903583077992735
shifted_test,172,raw,0.19479374525341886,0.048925419103784576
shifted_test,172,platt,0.1931513902483035,0.03209048273173855
shifted_test,172,isotonic,0.1943534488330753,0.024865722909903326
shifted_test,172,oracle,0.1766585260777816,0.024610069400527672
shifted_test,173,raw,0.20296137200051287,0.06324116211552851
shifted_test,173,platt,0.20016516235780807,0.03716214491923696
shifted_test,173,isotonic,0.20010277869706086,0.025838529482844715
shifted_test,173,oracle,0.18366153328345702,0.029678197672750765
shifted_test,174,raw,0.19815656934836007,0.04526309389199755
shifted_test,174,platt,0.196221404470062,0.03036956630014681
shifted_test,174,isotonic,0.19702553042608054,0.022878879242069678
shifted_test,174,oracle,0.18072582299850887,0.031610346274110614
shifted_test,175,raw,0.19856338464247533,0.04714255705727454
shifted_test,175,platt,0.19650426999294238,0.027467465205854486
shifted_test,175,isotonic,0.1980910540418581,0.030488147798851003
shifted_test,175,oracle,0.18295329125410786,0.022166163929772505
shifted_test,176,raw,0.20395190132509705,0.05686639839017494
shifted_test,176,platt,0.2007969280375609,0.0318351484687093
shifted_test,176,isotonic,0.2018381281018983,0.03278835067015861
shifted_test,176,oracle,0.18425772845801264,0.02775787139171019
shifted_test,177,raw,0.2041921144887877,0.04989254993602177
shifted_test,177,platt,0.20114929531020706,0.023286073405761894
shifted_test,177,isotonic,0.20235543868827882,0.029455327911497665
shifted_test,177,oracle,0.18764737353808905,0.02750859106737161
shifted_test,178,raw,0.20395923675811195,0.054118397231519975
shifted_test,178,platt,0.20125874039165165,0.03330850187043464
shifted_test,178,isotonic,0.20182996469268005,0.030880063730419665
shifted_test,178,oracle,0.18474076699212985,0.03236727237459644
shifted_test,179,raw,0.20596449192577604,0.06589173177589255
shifted_test,179,platt,0.202820631269116,0.0377976801755171
shifted_test,179,isotonic,0.20259496222136386,0.03671498876463407
shifted_test,179,oracle,0.18603016694837596,0.03207407460036569
shifted_test,180,raw,0.1986488749065552,0.04981579728000674
shifted_test,180,platt,0.19652564713210804,0.031356056358929685
shifted_test,180,isotonic,0.1962453240668555,0.018179291542998025
shifted_test,180,oracle,0.1818960685065296,0.028886468252342014
shifted_test,181,raw,0.1976425620253013,0.05169085342792288
shifted_test,181,platt,0.19546855965875465,0.028664321582065607
shifted_test,181,isotonic,0.1969062940824343,0.029233711363423835
shifted_test,181,oracle,0.18233350284553793,0.018428360382019848
shifted_test,182,raw,0.2041159544026902,0.06198257102169119
shifted_test,182,platt,0.20077118779484301,0.035738931370145666
shifted_test,182,isotonic,0.2013649923986462,0.03032408300011314
shifted_test,182,oracle,0.18591540390353725,0.03238218452991766
shifted_test,183,raw,0.19883111799602965,0.043967295923421336
shifted_test,183,platt,0.19733813911105666,0.027744726941889515
shifted_test,183,isotonic,0.1977754015734926,0.02332661197827013
shifted_test,183,oracle,0.18097341044464016,0.0294697501280728
shifted_test,184,raw,0.19964549847360785,0.049802570234049305
shifted_test,184,platt,0.19709766718583857,0.032711436092920786
shifted_test,184,isotonic,0.19794288703999102,0.027308672774509116
shifted_test,184,oracle,0.1832462944783735,0.02736217111859776
shifted_test,185,raw,0.20029388197252296,0.04881139644140734
shifted_test,185,platt,0.19752205236323478,0.027880060350863156
shifted_test,185,isotonic,0.19768157835176528,0.021083339575994828
shifted_test,185,oracle,0.183889310891804,0.0404820467349688
shifted_test,186,raw,0.19632030077919072,0.04832509020034917
shifted_test,186,platt,0.19376142604498067,0.03019922950276343
shifted_test,186,isotonic,0.1941772453418909,0.03259351989567463
shifted_test,186,oracle,0.18164495484777438,0.033037991442636395
shifted_test,187,raw,0.2047422275218124,0.06091402978053214
shifted_test,187,platt,0.20175931301926175,0.04228057195259002
shifted_test,187,isotonic,0.20261622541219595,0.03854873782693092
shifted_test,187,oracle,0.18431379997274855,0.023641123881655395
shifted_test,188,raw,0.20139458727525963,0.05915494943137197
shifted_test,188,platt,0.19805005394588487,0.028986942442683215
shifted_test,188,isotonic,0.199804641527159,0.03128897813035244
shifted_test,188,oracle,0.18152474327027107,0.031055207302225843
shifted_test,189,raw,0.1965995750049295,0.05296612728674925
shifted_test,189,platt,0.19446513327009898,0.029555565158752378
shifted_test,189,isotonic,0.19555933634277556,0.02443412496099678
shifted_test,189,oracle,0.18262391919886925,0.03729681081076455
shifted_test,190,raw,0.20222371171152756,0.06734518745046046
shifted_test,190,platt,0.19922237165475834,0.041551235560560465
shifted_test,190,isotonic,0.198915176692706,0.03488561233757164
shifted_test,190,oracle,0.18119667205725512,0.03367803736251005
shifted_test,191,raw,0.19200652704370974,0.03666757221963803
shifted_test,191,platt,0.19073854249341654,0.027219936487250587
shifted_test,191,isotonic,0.1912341202881423,0.02547441933177403
shifted_test,191,oracle,0.17570519105982846,0.03035059731516346
shifted_test,192,raw,0.2016748791264287,0.06227525472335309
shifted_test,192,platt,0.19952281599299995,0.0440020383885716
shifted_test,192,isotonic,0.19963311090213065,0.03505840634560973
shifted_test,192,oracle,0.1831176693726974,0.018717721489604988
shifted_test,193,raw,0.19957334536911978,0.05437149844901654
shifted_test,193,platt,0.1970261208766964,0.02759971638874864
shifted_test,193,isotonic,0.19830260899008242,0.03424218713187076
shifted_test,193,oracle,0.18065682806080516,0.029435957894642324
shifted_test,194,raw,0.19856322462708045,0.0504623110475694
shifted_test,194,platt,0.19634896485347092,0.03227738776416819
shifted_test,194,isotonic,0.1968096478198868,0.020750364702767105
shifted_test,194,oracle,0.179349273154222,0.026429564936774095
shifted_test,195,raw,0.19753832867880752,0.05455026874574791
shifted_test,195,platt,0.1955965683808293,0.03689349285069382
shifted_test,195,isotonic,0.19628707666456052,0.024379788972636103
shifted_test,195,oracle,0.18170154998120142,0.03147422034935801
shifted_test,196,raw,0.200817443744197,0.049630544019870236
shifted_test,196,platt,0.1984541304211856,0.02660547806553251
shifted_test,196,isotonic,0.20068152432149705,0.02746839806726849
shifted_test,196,oracle,0.18226807631858627,0.02882704036837508
shifted_test,197,raw,0.1944942639754685,0.04767585275034105
shifted_test,197,platt,0.1927291914428926,0.02591221411116441
shifted_test,197,isotonic,0.1935959614959951,0.02512958946458375
shifted_test,197,oracle,0.1771785300867821,0.03216735916872368
shifted_test,198,raw,0.19291739076458622,0.04445708560112475
shifted_test,198,platt,0.19142791116336602,0.0333262690515178
shifted_test,198,isotonic,0.19188844113632234,0.03347710025993586
shifted_test,198,oracle,0.17777514425166657,0.03757781408611547
shifted_test,199,raw,0.19686186184504542,0.04180227642929041
shifted_test,199,platt,0.1953369118155155,0.023046972007467338
shifted_test,199,isotonic,0.19577462769868126,0.02392185670371068
shifted_test,199,oracle,0.1800652502647887,0.02526543932605765
